generation,mean_fitness,mean_evaluation_count
0,5.0,80.0
1,10.0,160.0
2,14.8,240.0
3,19.4,320.0
4,23.3,400.0
5,27.9,480.0
6,32.2,560.0
7,36.0,640.0
8,40.0,720.0
9,44.4,800.0
10,48.3,880.0
11,52.9,960.0
12,56.8,1040.0
13,60.9,1120.0
14,65.3,1200.0
15,69.5,1280.0
16,73.8,1360.0
17,78.4,1440.0
18,83.0,1520.0
19,87.0,1600.0
20,91.5,1680.0
21,95.7,1760.0
22,99.9,1840.0
23,104.6,1920.0
24,108.0,2000.0
25,111.6,2080.0
26,115.2,2160.0
27,119.2,2240.0
28,123.4,2320.0
29,126.9,2400.0
30,131.1,2480.0
31,134.8,2560.0
32,138.6,2640.0
33,142.5,2720.0
34,146.4,2800.0
35,150.6,2880.0
36,154.7,2960.0
37,158.8,3040.0
38,162.1,3120.0
39,165.3,3200.0
40,169.0,3280.0
41,172.6,3360.0
42,176.1,3440.0
43,179.2,3520.0
44,183.1,3600.0
45,185.6,3680.0
46,189.7,3760.0
47,192.8,3840.0
48,196.3,3920.0
49,199.7,4000.0
50,203.5,4080.0
51,206.5,4160.0
52,209.2,4240.0
53,212.8,4320.0
54,215.4,4400.0
55,219.3,4480.0
56,223.6,4560.0
57,227.0,4640.0
58,229.0,4720.0
59,231.7,4800.0
60,233.9,4880.0
61,236.9,4960.0
62,240.6,5040.0
63,242.9,5120.0
64,245.8,5200.0
65,249.1,5280.0
66,251.3,5360.0
67,254.1,5440.0
68,257.3,5520.0
69,260.2,5600.0
70,264.0,5680.0
71,267.0,5760.0
72,269.5,5840.0
73,271.2,5920.0
74,272.4,6000.0
75,275.4,6080.0
76,278.7,6160.0
77,281.5,6240.0
78,283.7,6320.0
79,286.2,6400.0
80,289.0,6480.0
81,291.5,6560.0
82,293.5,6640.0
83,296.3,6720.0
84,298.8,6800.0
85,301.5,6880.0
86,304.0,6960.0
87,306.9,7040.0
88,309.2,7120.0
89,311.2,7200.0
90,314.1,7280.0
91,316.2,7360.0
92,319.7,7440.0
93,321.7,7520.0
94,324.1,7600.0
95,326.3,7680.0
96,329.3,7760.0
97,331.3,7840.0
98,334.3,7920.0
99,336.8,8000.0
100,337.9,8080.0
101,339.2,8160.0
102,340.9,8240.0
103,342.7,8320.0
104,345.1,8400.0
105,346.7,8480.0
106,348.2,8560.0
107,350.3,8640.0
108,351.9,8720.0
109,353.4,8800.0
110,355.4,8880.0
111,357.2,8960.0
112,357.9,9040.0
113,360.3,9120.0
114,362.7,9200.0
115,364.6,9280.0
116,366.1,9360.0
117,367.5,9440.0
118,370.8,9520.0
119,373.3,9600.0
120,375.1,9680.0
121,376.4,9760.0
122,378.1,9840.0
123,379.9,9920.0
124,382.8,10000.0
125,384.6,10080.0
126,385.8,10160.0
127,387.5,10240.0
128,389.0,10320.0
129,390.9,10400.0
130,392.9,10480.0
131,394.3,10560.0
132,395.7,10640.0
133,396.9,10720.0
134,398.2,10800.0
135,399.8,10880.0
136,401.4,10960.0
137,403.3,11040.0
138,405.5,11120.0
139,406.8,11200.0
140,408.1,11280.0
141,409.9,11360.0
142,411.3,11440.0
143,413.0,11520.0
144,414.0,11600.0
145,415.6,11680.0
146,417.8,11760.0
147,419.3,11840.0
148,421.7,11920.0
149,423.2,12000.0
150,425.5,12080.0
151,427.2,12160.0
152,429.3,12240.0
153,430.3,12320.0
154,431.6,12400.0
155,433.0,12480.0
156,434.4,12560.0
157,436.0,12640.0
158,437.3,12720.0
159,438.6,12800.0
160,440.0,12880.0
161,441.3,12960.0
162,442.7,13040.0
163,444.0,13120.0
164,446.3,13200.0
165,447.7,13280.0
166,448.8,13360.0
167,449.5,13440.0
168,450.3,13520.0
169,451.5,13600.0
170,453.0,13680.0
171,454.7,13760.0
172,456.0,13840.0
173,457.3,13920.0
174,458.3,14000.0
175,459.7,14080.0
176,461.1,14160.0
177,462.0,14240.0
178,462.9,14320.0
179,464.8,14400.0
180,466.3,14480.0
181,467.9,14560.0
182,468.7,14640.0
183,470.1,14720.0
184,471.2,14800.0
185,472.1,14880.0
186,473.1,14960.0
187,474.3,15040.0
188,475.2,15120.0
189,477.0,15200.0
190,478.3,15280.0
191,479.5,15360.0
192,480.8,15440.0
193,481.3,15520.0
194,482.8,15600.0
195,483.6,15680.0
196,484.6,15760.0
197,485.4,15840.0
198,486.4,15920.0
199,487.4,16000.0
200,488.2,16080.0
201,488.7,16160.0
202,489.7,16240.0
203,490.8,16320.0
204,491.5,16400.0
205,492.5,16480.0
206,493.7,16560.0
207,494.7,16640.0
208,495.8,16720.0
209,497.0,16800.0
210,497.5,16880.0
211,498.5,16960.0
212,499.5,17040.0
213,499.8,17120.0
214,500.7,17200.0
215,501.8,17280.0
216,502.5,17360.0
217,504.0,17440.0
218,505.3,17520.0
219,506.6,17600.0
220,507.4,17680.0
221,508.3,17760.0
222,508.7,17840.0
223,509.6,17920.0
224,510.8,18000.0
225,511.2,18080.0
226,512.0,18160.0
227,513.2,18240.0
228,514.1,18320.0
229,515.0,18400.0
230,516.3,18480.0
231,516.8,18560.0
232,517.6,18640.0
233,518.3,18720.0
234,519.3,18800.0
235,520.5,18880.0
236,521.4,18960.0
237,522.7,19040.0
238,523.1,19120.0
239,523.5,19200.0
240,524.4,19280.0
241,525.7,19360.0
242,526.4,19440.0
243,527.4,19520.0
244,527.9,19600.0
245,529.2,19680.0
246,530.0,19760.0
247,530.8,19840.0
248,532.7,19920.0
249,533.5,20000.0
250,534.2,20080.0
251,535.2,20160.0
252,536.0,20240.0
253,536.6,20320.0
254,537.3,20400.0
255,538.6,20480.0
256,539.7,20560.0
257,540.1,20640.0
258,541.0,20720.0
259,541.5,20800.0
260,542.4,20880.0
261,542.7,20960.0
262,543.1,21040.0
263,543.6,21120.0
264,544.1,21200.0
265,545.1,21280.0
266,546.4,21360.0
267,547.5,21440.0
268,548.0,21520.0
269,548.8,21600.0
270,549.2,21680.0
271,550.2,21760.0
272,551.0,21840.0
273,552.0,21920.0
274,553.1,22000.0
275,553.5,22080.0
276,554.6,22160.0
277,555.0,22240.0
278,556.1,22320.0
279,556.9,22400.0
280,558.1,22480.0
281,558.3,22560.0
282,558.9,22640.0
283,559.2,22720.0
284,560.1,22800.0
285,560.8,22880.0
286,562.3,22960.0
287,563.0,23040.0
288,563.8,23120.0
289,564.0,23200.0
290,564.3,23280.0
291,564.7,23360.0
292,565.0,23440.0
293,565.5,23520.0
294,566.3,23600.0
295,566.8,23680.0
296,567.3,23760.0
297,568.3,23840.0
298,569.0,23920.0
299,569.6,24000.0
300,570.5,24080.0
301,571.0,24160.0
302,571.9,24240.0
303,572.8,24320.0
304,573.3,24400.0
305,574.0,24480.0
306,574.6,24560.0
307,575.0,24640.0
308,575.8,24720.0
309,576.5,24800.0
310,577.2,24880.0
311,577.8,24960.0
312,578.1,25040.0
313,578.7,25120.0
314,579.4,25200.0
315,580.4,25280.0
316,580.5,25360.0
317,581.6,25440.0
318,582.5,25520.0
319,583.3,25600.0
320,584.1,25680.0
321,584.8,25760.0
322,586.0,25840.0
323,586.8,25920.0
324,587.7,26000.0
325,588.0,26080.0
326,588.5,26160.0
327,589.2,26240.0
328,590.1,26320.0
329,590.5,26400.0
330,590.9,26480.0
331,591.9,26560.0
332,592.0,26640.0
333,592.6,26720.0
334,592.7,26800.0
335,592.7,26880.0
336,592.9,26960.0
337,593.3,27040.0
338,593.7,27120.0
339,594.1,27200.0
340,595.0,27280.0
341,595.1,27360.0
342,595.5,27440.0
343,596.6,27520.0
344,597.1,27600.0
345,598.0,27680.0
346,598.3,27760.0
347,598.4,27840.0
348,598.7,27920.0
349,599.8,28000.0
350,600.8,28080.0
351,601.4,28160.0
352,601.9,28240.0
353,602.3,28320.0
354,602.4,28400.0
355,603.4,28480.0
356,603.7,28560.0
357,603.9,28640.0
358,604.3,28720.0
359,604.9,28800.0
360,605.3,28880.0
361,605.8,28960.0
362,606.5,29040.0
363,606.7,29120.0
364,607.4,29200.0
365,607.9,29280.0
366,608.5,29360.0
367,609.4,29440.0
368,610.1,29520.0
369,610.3,29600.0
370,610.6,29680.0
371,611.3,29760.0
372,611.5,29840.0
373,612.1,29920.0
374,612.6,30000.0
375,613.9,30080.0
376,614.6,30160.0
377,614.8,30240.0
378,614.9,30320.0
379,615.1,30400.0
380,615.5,30480.0
381,615.6,30560.0
382,615.9,30640.0
383,616.6,30720.0
384,617.1,30800.0
385,617.2,30880.0
386,617.9,30960.0
387,618.6,31040.0
388,619.3,31120.0
389,620.0,31200.0
390,621.3,31280.0
391,622.1,31360.0
392,622.5,31440.0
393,622.9,31520.0
394,623.4,31600.0
395,623.8,31680.0
396,624.3,31760.0
397,624.6,31840.0
398,624.9,31920.0
399,625.2,32000.0
400,625.8,32080.0
401,626.2,32160.0
402,626.7,32240.0
403,627.3,32320.0
404,627.6,32400.0
405,627.8,32480.0
406,628.1,32560.0
407,628.6,32640.0
408,629.5,32720.0
409,629.8,32800.0
410,630.3,32880.0
411,630.6,32960.0
412,630.9,33040.0
413,631.3,33120.0
414,631.9,33200.0
415,632.3,33280.0
416,633.1,33360.0
417,633.7,33440.0
418,633.9,33520.0
419,634.2,33600.0
420,634.4,33680.0
421,634.9,33760.0
422,635.2,33840.0
423,635.4,33920.0
424,635.9,34000.0
425,636.1,34080.0
426,636.5,34160.0
427,636.6,34240.0
428,637.0,34320.0
429,637.2,34400.0
430,637.7,34480.0
431,638.4,34560.0
432,638.8,34640.0
433,639.2,34720.0
434,639.8,34800.0
435,640.0,34880.0
436,640.2,34960.0
437,640.4,35040.0
438,640.6,35120.0
439,640.9,35200.0
440,641.5,35280.0
441,642.1,35360.0
442,642.5,35440.0
443,643.3,35520.0
444,643.6,35600.0
445,644.0,35680.0
446,644.3,35760.0
447,645.1,35840.0
448,645.4,35920.0
449,645.7,36000.0
450,646.0,36080.0
451,646.6,36160.0
452,647.1,36240.0
453,647.6,36320.0
454,647.6,36400.0
455,648.0,36480.0
456,648.4,36560.0
457,648.9,36640.0
458,649.2,36720.0
459,649.4,36800.0
460,649.8,36880.0
461,649.9,36960.0
462,650.3,37040.0
463,650.8,37120.0
464,651.5,37200.0
465,651.9,37280.0
466,652.3,37360.0
467,652.6,37440.0
468,653.0,37520.0
469,653.5,37600.0
470,653.8,37680.0
471,654.2,37760.0
472,654.7,37840.0
473,655.1,37920.0
474,655.3,38000.0
475,655.6,38080.0
476,655.6,38160.0
477,655.7,38240.0
478,656.5,38320.0
479,656.9,38400.0
480,657.1,38480.0
481,657.4,38560.0
482,657.5,38640.0
483,657.7,38720.0
484,658.4,38800.0
485,658.9,38880.0
486,659.4,38960.0
487,659.9,39040.0
488,660.1,39120.0
489,660.5,39200.0
490,660.9,39280.0
491,661.7,39360.0
492,662.0,39440.0
493,662.3,39520.0
494,662.5,39600.0
495,662.8,39680.0
496,663.3,39760.0
497,663.6,39840.0
498,663.8,39920.0
499,664.4,40000.0
500,664.6,40080.0
501,664.7,40160.0
502,665.0,40240.0
503,665.0,40320.0
504,665.3,40400.0
505,665.6,40480.0
506,665.8,40560.0
507,666.6,40640.0
508,667.2,40720.0
509,667.6,40800.0
510,667.9,40880.0
511,668.3,40960.0
512,668.8,41040.0
513,668.9,41120.0
514,669.2,41200.0
515,669.5,41280.0
516,670.0,41360.0
517,670.5,41440.0
518,670.6,41520.0
519,670.7,41600.0
520,671.1,41680.0
521,671.4,41760.0
522,672.0,41840.0
523,673.0,41920.0
524,673.6,42000.0
525,673.8,42080.0
526,674.2,42160.0
527,674.6,42240.0
528,675.0,42320.0
529,675.1,42400.0
530,675.3,42480.0
531,675.7,42560.0
532,675.8,42640.0
533,676.2,42720.0
534,676.2,42800.0
535,676.4,42880.0
536,676.6,42960.0
537,677.0,43040.0
538,677.3,43120.0
539,677.4,43200.0
540,677.9,43280.0
541,678.5,43360.0
542,678.6,43440.0
543,679.2,43520.0
544,679.9,43600.0
545,681.5,43680.0
546,682.0,43760.0
547,682.3,43840.0
548,682.5,43920.0
549,682.8,44000.0
550,683.0,44080.0
551,683.2,44160.0
552,683.8,44240.0
553,683.9,44320.0
554,684.1,44400.0
555,684.3,44480.0
556,685.0,44560.0
557,685.3,44640.0
558,685.6,44720.0
559,685.9,44800.0
560,686.2,44880.0
561,686.3,44960.0
562,686.6,45040.0
563,686.6,45120.0
564,686.9,45200.0
565,687.1,45280.0
566,687.1,45360.0
567,687.7,45440.0
568,687.8,45520.0
569,688.0,45600.0
570,688.2,45680.0
571,688.6,45760.0
572,688.7,45840.0
573,688.8,45920.0
574,689.0,46000.0
575,689.5,46080.0
576,689.9,46160.0
577,690.1,46240.0
578,690.1,46320.0
579,690.3,46400.0
580,690.4,46480.0
581,690.7,46560.0
582,691.0,46640.0
583,691.1,46720.0
584,691.9,46800.0
585,692.4,46880.0
586,692.5,46960.0
587,692.7,47040.0
588,693.0,47120.0
589,693.3,47200.0
590,693.5,47280.0
591,693.8,47360.0
592,694.2,47440.0
593,694.7,47520.0
594,694.8,47600.0
595,695.2,47680.0
596,695.9,47760.0
597,696.3,47840.0
598,696.6,47920.0
599,696.7,48000.0
600,697.0,48080.0
601,697.4,48160.0
602,697.6,48240.0
603,698.1,48320.0
604,698.3,48400.0
605,698.8,48480.0
606,699.4,48560.0
607,699.6,48640.0
608,700.2,48720.0
609,700.7,48800.0
610,700.9,48880.0
611,701.2,48960.0
612,701.2,49040.0
613,701.5,49120.0
614,701.6,49200.0
615,702.2,49280.0
616,703.2,49360.0
617,703.7,49440.0
618,703.9,49520.0
619,704.1,49600.0
620,704.6,49680.0
621,705.0,49760.0
622,705.3,49840.0
623,705.5,49920.0
624,706.0,50000.0
625,706.1,50080.0
626,706.6,50160.0
627,706.7,50240.0
628,707.4,50320.0
629,707.4,50400.0
630,707.4,50480.0
631,707.6,50560.0
632,708.0,50640.0
633,708.1,50720.0
634,708.2,50800.0
635,708.6,50880.0
636,709.2,50960.0
637,709.4,51040.0
638,709.6,51120.0
639,709.8,51200.0
640,710.0,51280.0
641,710.1,51360.0
642,710.2,51440.0
643,710.6,51520.0
644,710.7,51600.0
645,711.2,51680.0
646,711.3,51760.0
647,711.4,51840.0
648,711.7,51920.0
649,712.0,52000.0
650,712.3,52080.0
651,712.7,52160.0
652,713.1,52240.0
653,713.3,52320.0
654,713.5,52400.0
655,713.6,52480.0
656,713.7,52560.0
657,713.9,52640.0
658,714.3,52720.0
659,714.4,52800.0
660,714.6,52880.0
661,715.1,52960.0
662,715.5,53040.0
663,715.6,53120.0
664,716.3,53200.0
665,716.6,53280.0
666,716.8,53360.0
667,716.9,53440.0
668,717.6,53520.0
669,717.8,53600.0
670,718.1,53680.0
671,718.2,53760.0
672,718.3,53840.0
673,718.7,53920.0
674,719.1,54000.0
675,719.4,54080.0
676,719.6,54160.0
677,720.1,54240.0
678,720.5,54320.0
679,720.9,54400.0
680,721.2,54480.0
681,721.4,54560.0
682,721.9,54640.0
683,722.0,54720.0
684,723.0,54800.0
685,723.2,54880.0
686,723.3,54960.0
687,723.3,55040.0
688,723.5,55120.0
689,723.6,55200.0
690,723.8,55280.0
691,724.0,55360.0
692,724.1,55440.0
693,724.4,55520.0
694,724.8,55600.0
695,725.0,55680.0
696,725.0,55760.0
697,725.1,55840.0
698,725.2,55920.0
699,725.4,56000.0
700,725.9,56080.0
701,726.0,56160.0
702,726.7,56240.0
703,727.1,56320.0
704,727.4,56400.0
705,727.9,56480.0
706,728.3,56560.0
707,728.7,56640.0
708,729.1,56720.0
709,729.2,56800.0
710,729.4,56880.0
711,729.5,56960.0
712,729.7,57040.0
713,729.8,57120.0
714,730.2,57200.0
715,730.3,57280.0
716,730.5,57360.0
717,730.8,57440.0
718,730.9,57520.0
719,731.4,57600.0
720,731.7,57680.0
721,731.8,57760.0
722,732.1,57840.0
723,732.2,57920.0
724,732.2,58000.0
725,732.4,58080.0
726,732.8,58160.0
727,733.0,58240.0
728,733.0,58320.0
729,733.3,58400.0
730,733.6,58480.0
731,734.6,58560.0
732,734.9,58640.0
733,735.3,58720.0
734,735.4,58800.0
735,735.8,58880.0
736,735.8,58960.0
737,735.9,59040.0
738,736.1,59120.0
739,736.2,59200.0
740,736.4,59280.0
741,736.7,59360.0
742,736.9,59440.0
743,737.2,59520.0
744,737.2,59600.0
745,737.3,59680.0
746,737.5,59760.0
747,737.7,59840.0
748,738.0,59920.0
749,738.3,60000.0
750,738.7,60080.0
751,738.7,60160.0
752,738.9,60240.0
753,739.4,60320.0
754,740.0,60400.0
755,740.2,60480.0
756,740.5,60560.0
757,740.7,60640.0
758,741.0,60720.0
759,741.2,60800.0
760,741.3,60880.0
761,741.5,60960.0
762,741.7,61040.0
763,741.9,61120.0
764,742.2,61200.0
765,742.2,61280.0
766,742.4,61360.0
767,742.8,61440.0
768,743.1,61520.0
769,743.1,61600.0
770,743.3,61680.0
771,743.4,61760.0
772,743.6,61840.0
773,744.0,61920.0
774,744.1,62000.0
775,744.4,62080.0
776,744.7,62160.0
777,745.0,62240.0
778,745.2,62320.0
779,745.5,62400.0
780,746.3,62480.0
781,746.6,62560.0
782,746.7,62640.0
783,746.7,62720.0
784,746.8,62800.0
785,746.8,62880.0
786,747.0,62960.0
787,747.3,63040.0
788,747.5,63120.0
789,747.8,63200.0
790,747.9,63280.0
791,748.2,63360.0
792,748.4,63440.0
793,748.5,63520.0
794,748.6,63600.0
795,748.8,63680.0
796,748.9,63760.0
797,749.2,63840.0
798,749.4,63920.0
799,749.4,64000.0
800,749.6,64080.0
801,750.2,64160.0
802,750.5,64240.0
803,750.7,64320.0
804,751.1,64400.0
805,751.4,64480.0
806,751.6,64560.0
807,751.9,64640.0
808,752.1,64720.0
809,752.3,64800.0
810,752.6,64880.0
811,752.7,64960.0
812,753.1,65040.0
813,753.3,65120.0
814,753.5,65200.0
815,753.6,65280.0
816,753.7,65360.0
817,753.9,65440.0
818,754.2,65520.0
819,754.4,65600.0
820,754.6,65680.0
821,754.8,65760.0
822,754.8,65840.0
823,754.9,65920.0
824,755.3,66000.0
825,755.3,66080.0
826,755.6,66160.0
827,755.8,66240.0
828,755.9,66320.0
829,756.3,66400.0
830,756.9,66480.0
831,757.3,66560.0
832,757.5,66640.0
833,757.6,66720.0
834,757.7,66800.0
835,757.7,66880.0
836,758.1,66960.0
837,758.3,67040.0
838,758.6,67120.0
839,758.8,67200.0
840,759.1,67280.0
841,759.4,67360.0
842,759.5,67440.0
843,759.8,67520.0
844,760.0,67600.0
845,760.1,67680.0
846,760.2,67760.0
847,760.4,67840.0
848,760.4,67920.0
849,760.6,68000.0
850,760.6,68080.0
851,760.8,68160.0
852,761.0,68240.0
853,761.0,68320.0
854,761.2,68400.0
855,761.3,68480.0
856,761.3,68560.0
857,761.4,68640.0
858,761.4,68720.0
859,761.6,68800.0
860,761.9,68880.0
861,762.1,68960.0
862,762.4,69040.0
863,762.6,69120.0
864,762.8,69200.0
865,763.1,69280.0
866,763.2,69360.0
867,763.8,69440.0
868,763.9,69520.0
869,764.0,69600.0
870,764.3,69680.0
871,764.4,69760.0
872,764.6,69840.0
873,764.6,69920.0
874,764.8,70000.0
875,765.0,70080.0
876,765.2,70160.0
877,765.3,70240.0
878,765.5,70320.0
879,765.5,70400.0
880,765.6,70480.0
881,765.8,70560.0
882,765.8,70640.0
883,766.0,70720.0
884,766.0,70800.0
885,766.1,70880.0
886,766.5,70960.0
887,766.5,71040.0
888,766.8,71120.0
889,766.9,71200.0
890,767.1,71280.0
891,767.3,71360.0
892,767.5,71440.0
893,767.9,71520.0
894,767.9,71600.0
895,768.1,71680.0
896,768.2,71760.0
897,768.4,71840.0
898,768.8,71920.0
899,768.9,72000.0
900,769.1,72080.0
901,769.1,72160.0
902,769.3,72240.0
903,769.5,72320.0
904,769.7,72400.0
905,769.8,72480.0
906,770.0,72560.0
907,770.1,72640.0
908,770.2,72720.0
909,770.3,72800.0
910,770.6,72880.0
911,770.8,72960.0
912,771.0,73040.0
913,771.1,73120.0
914,771.3,73200.0
915,771.5,73280.0
916,771.7,73360.0
917,771.7,73440.0
918,772.1,73520.0
919,772.7,73600.0
920,772.9,73680.0
921,773.0,73760.0
922,773.1,73840.0
923,773.2,73920.0
924,773.6,74000.0
925,773.6,74080.0
926,773.8,74160.0
927,774.4,74240.0
928,774.6,74320.0
929,774.7,74400.0
930,774.8,74480.0
931,775.1,74560.0
932,775.5,74640.0
933,775.9,74720.0
934,776.2,74800.0
935,776.5,74880.0
936,776.8,74960.0
937,777.2,75040.0
938,777.3,75120.0
939,777.4,75200.0
940,777.5,75280.0
941,777.6,75360.0
942,777.8,75440.0
943,778.2,75520.0
944,778.6,75600.0
945,778.8,75680.0
946,779.0,75760.0
947,779.2,75840.0
948,779.2,75920.0
949,779.2,76000.0
950,779.3,76080.0
951,779.4,76160.0
952,779.6,76240.0
953,779.8,76320.0
954,780.3,76400.0
955,780.3,76480.0
956,780.4,76560.0
957,780.7,76640.0
958,780.9,76720.0
959,781.3,76800.0
960,781.9,76880.0
961,781.9,76960.0
962,782.2,77040.0
963,782.3,77120.0
964,782.6,77200.0
965,783.3,77280.0
966,783.6,77360.0
967,783.7,77440.0
968,783.9,77520.0
969,784.0,77600.0
970,784.2,77680.0
971,784.6,77760.0
972,784.8,77840.0
973,784.9,77920.0
974,785.0,78000.0
975,785.0,78080.0
976,785.3,78160.0
977,785.6,78240.0
978,785.7,78320.0
979,785.7,78400.0
980,785.9,78480.0
981,786.2,78560.0
982,786.2,78640.0
983,786.2,78720.0
984,786.4,78800.0
985,786.7,78880.0
986,786.7,78960.0
987,787.0,79040.0
988,787.4,79120.0
989,787.6,79200.0
990,787.7,79280.0
991,787.9,79360.0
992,788.1,79440.0
993,788.5,79520.0
994,788.6,79600.0
995,788.6,79680.0
996,788.9,79760.0
997,789.0,79840.0
998,789.4,79920.0
999,789.5,80000.0
1000,789.6,80080.0
1001,789.8,80160.0
1002,790.2,80240.0
1003,790.3,80320.0
1004,790.5,80400.0
1005,790.5,80480.0
1006,790.5,80560.0
1007,790.8,80640.0
1008,791.1,80720.0
1009,791.4,80800.0
1010,791.7,80880.0
1011,791.7,80960.0
1012,791.7,81040.0
1013,791.9,81120.0
1014,792.1,81200.0
1015,792.3,81280.0
1016,792.3,81360.0
1017,792.5,81440.0
1018,792.9,81520.0
1019,793.1,81600.0
1020,793.5,81680.0
1021,793.6,81760.0
1022,793.8,81840.0
1023,794.0,81920.0
1024,794.1,82000.0
1025,794.3,82080.0
1026,794.5,82160.0
1027,794.6,82240.0
1028,794.7,82320.0
1029,794.7,82400.0
1030,794.8,82480.0
1031,795.0,82560.0
1032,795.1,82640.0
1033,795.1,82720.0
1034,795.2,82800.0
1035,795.5,82880.0
1036,795.8,82960.0
1037,796.1,83040.0
1038,796.1,83120.0
1039,796.2,83200.0
1040,796.2,83280.0
1041,796.5,83360.0
1042,796.9,83440.0
1043,796.9,83520.0
1044,797.2,83600.0
1045,797.4,83680.0
1046,797.7,83760.0
1047,797.8,83840.0
1048,797.9,83920.0
1049,798.0,84000.0
1050,798.3,84080.0
1051,798.3,84160.0
1052,798.5,84240.0
1053,798.5,84320.0
1054,798.7,84400.0
1055,799.0,84480.0
1056,799.5,84560.0
1057,799.8,84640.0
1058,799.9,84720.0
1059,800.0,84800.0
1060,800.4,84880.0
1061,800.5,84960.0
1062,800.6,85040.0
1063,800.8,85120.0
1064,801.0,85200.0
1065,801.2,85280.0
1066,801.2,85360.0
1067,801.3,85440.0
1068,801.6,85520.0
1069,801.6,85600.0
1070,801.7,85680.0
1071,801.8,85760.0
1072,801.9,85840.0
1073,802.0,85920.0
1074,802.2,86000.0
1075,802.3,86080.0
1076,802.5,86160.0
1077,802.6,86240.0
1078,802.8,86320.0
1079,803.2,86400.0
1080,803.5,86480.0
1081,803.6,86560.0
1082,803.8,86640.0
1083,804.2,86720.0
1084,804.4,86800.0
1085,804.6,86880.0
1086,804.7,86960.0
1087,804.8,87040.0
1088,804.9,87120.0
1089,805.0,87200.0
1090,805.1,87280.0
1091,805.4,87360.0
1092,805.4,87440.0
1093,805.6,87520.0
1094,805.8,87600.0
1095,806.3,87680.0
1096,806.6,87760.0
1097,806.6,87840.0
1098,806.7,87920.0
1099,806.7,88000.0
1100,807.0,88080.0
1101,807.0,88160.0
1102,807.2,88240.0
1103,807.4,88320.0
1104,807.5,88400.0
1105,807.7,88480.0
1106,807.8,88560.0
1107,808.2,88640.0
1108,808.3,88720.0
1109,808.5,88800.0
1110,808.7,88880.0
1111,808.9,88960.0
1112,809.1,89040.0
1113,809.2,89120.0
1114,809.3,89200.0
1115,809.6,89280.0
1116,809.9,89360.0
1117,809.9,89440.0
1118,810.1,89520.0
1119,810.2,89600.0
1120,810.4,89680.0
1121,810.6,89760.0
1122,810.8,89840.0
1123,811.0,89920.0
1124,811.0,90000.0
1125,811.0,90080.0
1126,811.3,90160.0
1127,811.4,90240.0
1128,811.5,90320.0
1129,811.5,90400.0
1130,811.6,90480.0
1131,811.7,90560.0
1132,812.1,90640.0
1133,812.1,90720.0
1134,812.3,90800.0
1135,812.3,90880.0
1136,812.6,90960.0
1137,812.7,91040.0
1138,812.8,91120.0
1139,812.9,91200.0
1140,813.2,91280.0
1141,813.2,91360.0
1142,813.5,91440.0
1143,813.8,91520.0
1144,814.0,91600.0
1145,814.2,91680.0
1146,814.3,91760.0
1147,814.3,91840.0
1148,814.6,91920.0
1149,814.7,92000.0
1150,814.8,92080.0
1151,815.1,92160.0
1152,815.1,92240.0
1153,815.2,92320.0
1154,815.4,92400.0
1155,815.7,92480.0
1156,816.1,92560.0
1157,816.1,92640.0
1158,816.2,92720.0
1159,816.4,92800.0
1160,816.6,92880.0
1161,816.8,92960.0
1162,816.9,93040.0
1163,817.0,93120.0
1164,817.0,93200.0
1165,817.2,93280.0
1166,817.5,93360.0
1167,817.5,93440.0
1168,817.5,93520.0
1169,817.6,93600.0
1170,818.0,93680.0
1171,818.0,93760.0
1172,818.1,93840.0
1173,818.3,93920.0
1174,818.4,94000.0
1175,818.5,94080.0
1176,818.8,94160.0
1177,819.2,94240.0
1178,819.4,94320.0
1179,819.4,94400.0
1180,819.7,94480.0
1181,819.8,94560.0
1182,819.8,94640.0
1183,819.8,94720.0
1184,819.9,94800.0
1185,820.1,94880.0
1186,820.2,94960.0
1187,820.5,95040.0
1188,820.5,95120.0
1189,820.6,95200.0
1190,821.1,95280.0
1191,821.4,95360.0
1192,821.7,95440.0
1193,821.9,95520.0
1194,821.9,95600.0
1195,822.2,95680.0
1196,822.3,95760.0
1197,822.7,95840.0
1198,822.8,95920.0
1199,823.0,96000.0
1200,823.1,96080.0
1201,823.2,96160.0
1202,823.4,96240.0
1203,823.7,96320.0
1204,823.7,96400.0
1205,823.8,96480.0
1206,823.9,96560.0
1207,824.1,96640.0
1208,824.3,96720.0
1209,824.4,96800.0
1210,824.7,96880.0
1211,825.0,96960.0
1212,825.2,97040.0
1213,825.3,97120.0
1214,825.5,97200.0
1215,825.6,97280.0
1216,825.7,97360.0
1217,825.9,97440.0
1218,826.1,97520.0
1219,826.4,97600.0
1220,826.7,97680.0
1221,826.9,97760.0
1222,827.3,97840.0
1223,827.6,97920.0
1224,827.7,98000.0
1225,827.8,98080.0
1226,827.8,98160.0
1227,828.0,98240.0
1228,828.3,98320.0
1229,828.4,98400.0
1230,828.6,98480.0
1231,828.8,98560.0
1232,829.3,98640.0
1233,829.5,98720.0
1234,829.6,98800.0
1235,829.8,98880.0
1236,829.9,98960.0
1237,829.9,99040.0
1238,830.0,99120.0
1239,830.3,99200.0
1240,830.5,99280.0
1241,830.6,99360.0
1242,830.6,99440.0
1243,830.8,99520.0
1244,830.9,99600.0
1245,831.2,99680.0
1246,831.3,99760.0
1247,831.6,99840.0
1248,831.8,99920.0
1249,831.8,100000.0
1250,832.3,100080.0
1251,832.4,100160.0
1252,832.5,100240.0
1253,832.7,100320.0
1254,832.7,100400.0
1255,832.9,100480.0
1256,833.0,100560.0
1257,833.1,100640.0
1258,833.1,100720.0
1259,833.5,100800.0
1260,833.8,100880.0
1261,833.9,100960.0
1262,834.1,101040.0
1263,834.2,101120.0
1264,834.3,101200.0
1265,834.4,101280.0
1266,834.8,101360.0
1267,834.9,101440.0
1268,835.1,101520.0
1269,835.1,101600.0
1270,835.1,101680.0
1271,835.3,101760.0
1272,835.3,101840.0
1273,835.3,101920.0
1274,835.5,102000.0
1275,835.7,102080.0
1276,835.8,102160.0
1277,835.9,102240.0
1278,836.2,102320.0
1279,836.2,102400.0
1280,836.3,102480.0
1281,836.4,102560.0
1282,836.5,102640.0
1283,836.7,102720.0
1284,836.8,102800.0
1285,836.9,102880.0
1286,837.2,102960.0
1287,837.6,103040.0
1288,837.9,103120.0
1289,838.4,103200.0
1290,838.7,103280.0
1291,838.8,103360.0
1292,838.9,103440.0
1293,838.9,103520.0
1294,838.9,103600.0
1295,839.0,103680.0
1296,839.1,103760.0
1297,839.2,103840.0
1298,839.4,103920.0
1299,839.9,104000.0
1300,839.9,104080.0
1301,840.2,104160.0
1302,840.2,104240.0
1303,840.4,104320.0
1304,840.5,104400.0
1305,840.6,104480.0
1306,840.8,104560.0
1307,841.0,104640.0
1308,841.0,104720.0
1309,841.1,104800.0
1310,841.2,104880.0
1311,841.4,104960.0
1312,841.8,105040.0
1313,841.8,105120.0
1314,841.9,105200.0
1315,842.3,105280.0
1316,842.4,105360.0
1317,842.5,105440.0
1318,842.6,105520.0
1319,842.6,105600.0
1320,842.9,105680.0
1321,843.3,105760.0
1322,843.4,105840.0
1323,843.5,105920.0
1324,843.6,106000.0
1325,843.8,106080.0
1326,843.8,106160.0
1327,843.9,106240.0
1328,843.9,106320.0
1329,844.0,106400.0
1330,844.2,106480.0
1331,844.5,106560.0
1332,844.6,106640.0
1333,844.7,106720.0
1334,844.8,106800.0
1335,844.8,106880.0
1336,845.2,106960.0
1337,845.4,107040.0
1338,845.5,107120.0
1339,845.7,107200.0
1340,845.8,107280.0
1341,845.9,107360.0
1342,846.0,107440.0
1343,846.0,107520.0
1344,846.1,107600.0
1345,846.2,107680.0
1346,846.2,107760.0
1347,846.4,107840.0
1348,846.6,107920.0
1349,846.7,108000.0
1350,846.8,108080.0
1351,846.8,108160.0
1352,846.9,108240.0
1353,847.1,108320.0
1354,847.2,108400.0
1355,847.4,108480.0
1356,847.7,108560.0
1357,847.9,108640.0
1358,847.9,108720.0
1359,847.9,108800.0
1360,848.2,108880.0
1361,848.6,108960.0
1362,848.8,109040.0
1363,849.1,109120.0
1364,849.5,109200.0
1365,849.8,109280.0
1366,849.8,109360.0
1367,850.0,109440.0
1368,850.5,109520.0
1369,850.5,109600.0
1370,850.7,109680.0
1371,850.9,109760.0
1372,851.0,109840.0
1373,851.2,109920.0
1374,851.4,110000.0
1375,851.4,110080.0
1376,851.6,110160.0
1377,851.7,110240.0
1378,851.8,110320.0
1379,852.0,110400.0
1380,852.0,110480.0
1381,852.6,110560.0
1382,852.7,110640.0
1383,852.7,110720.0
1384,852.9,110800.0
1385,853.0,110880.0
1386,853.2,110960.0
1387,853.4,111040.0
1388,853.5,111120.0
1389,853.8,111200.0
1390,854.0,111280.0
1391,854.0,111360.0
1392,854.2,111440.0
1393,854.3,111520.0
1394,854.6,111600.0
1395,855.0,111680.0
1396,855.1,111760.0
1397,855.2,111840.0
1398,855.2,111920.0
1399,855.2,112000.0
1400,855.3,112080.0
1401,855.4,112160.0
1402,855.5,112240.0
1403,855.7,112320.0
1404,855.7,112400.0
1405,855.9,112480.0
1406,855.9,112560.0
1407,856.0,112640.0
1408,856.2,112720.0
1409,856.3,112800.0
1410,856.3,112880.0
1411,856.4,112960.0
1412,856.5,113040.0
1413,856.5,113120.0
1414,856.6,113200.0
1415,857.0,113280.0
1416,857.0,113360.0
1417,857.2,113440.0
1418,857.3,113520.0
1419,857.3,113600.0
1420,857.5,113680.0
1421,857.5,113760.0
1422,857.5,113840.0
1423,857.6,113920.0
1424,857.7,114000.0
1425,857.9,114080.0
1426,857.9,114160.0
1427,857.9,114240.0
1428,858.1,114320.0
1429,858.1,114400.0
1430,858.3,114480.0
1431,858.6,114560.0
1432,858.7,114640.0
1433,858.9,114720.0
1434,859.0,114800.0
1435,859.0,114880.0
1436,859.2,114960.0
1437,859.4,115040.0
1438,859.4,115120.0
1439,859.5,115200.0
1440,859.5,115280.0
1441,860.0,115360.0
1442,860.4,115440.0
1443,860.6,115520.0
1444,861.3,115600.0
1445,861.3,115680.0
1446,861.4,115760.0
1447,861.5,115840.0
1448,861.6,115920.0
1449,861.6,116000.0
1450,861.7,116080.0
1451,861.7,116160.0
1452,861.8,116240.0
1453,861.9,116320.0
1454,862.0,116400.0
1455,862.1,116480.0
1456,862.1,116560.0
1457,862.3,116640.0
1458,862.5,116720.0
1459,862.7,116800.0
1460,862.8,116880.0
1461,862.9,116960.0
1462,863.0,117040.0
1463,863.1,117120.0
1464,863.1,117200.0
1465,863.3,117280.0
1466,863.4,117360.0
1467,863.5,117440.0
1468,863.6,117520.0
1469,863.7,117600.0
1470,863.8,117680.0
1471,863.8,117760.0
1472,864.0,117840.0
1473,864.1,117920.0
1474,864.3,118000.0
1475,864.6,118080.0
1476,865.0,118160.0
1477,865.2,118240.0
1478,865.2,118320.0
1479,865.4,118400.0
1480,865.7,118480.0
1481,865.7,118560.0
1482,865.8,118640.0
1483,865.9,118720.0
1484,866.1,118800.0
1485,866.1,118880.0
1486,866.2,118960.0
1487,866.2,119040.0
1488,866.3,119120.0
1489,866.6,119200.0
1490,866.8,119280.0
1491,866.8,119360.0
1492,866.8,119440.0
1493,866.9,119520.0
1494,867.1,119600.0
1495,867.2,119680.0
1496,867.3,119760.0
1497,867.4,119840.0
1498,867.7,119920.0
1499,867.9,120000.0
1500,868.0,120080.0
1501,868.2,120160.0
1502,868.3,120240.0
1503,868.3,120320.0
1504,868.5,120400.0
1505,868.5,120480.0
1506,868.6,120560.0
1507,868.6,120640.0
1508,868.6,120720.0
1509,868.8,120800.0
1510,868.9,120880.0
1511,869.0,120960.0
1512,869.3,121040.0
1513,869.3,121120.0
1514,869.4,121200.0
1515,869.5,121280.0
1516,869.7,121360.0
1517,869.8,121440.0
1518,870.0,121520.0
1519,870.0,121600.0
1520,870.0,121680.0
1521,870.0,121760.0
1522,870.0,121840.0
1523,870.0,121920.0
1524,870.1,122000.0
1525,870.1,122080.0
1526,870.3,122160.0
1527,870.3,122240.0
1528,870.4,122320.0
1529,870.5,122400.0
1530,870.7,122480.0
1531,870.8,122560.0
1532,870.8,122640.0
1533,871.0,122720.0
1534,871.1,122800.0
1535,871.1,122880.0
1536,871.2,122960.0
1537,871.3,123040.0
1538,871.4,123120.0
1539,871.7,123200.0
1540,871.9,123280.0
1541,872.2,123360.0
1542,872.3,123440.0
1543,872.3,123520.0
1544,872.4,123600.0
1545,872.4,123680.0
1546,872.4,123760.0
1547,872.8,123840.0
1548,872.9,123920.0
1549,873.0,124000.0
1550,873.3,124080.0
1551,873.4,124160.0
1552,873.8,124240.0
1553,874.0,124320.0
1554,874.1,124400.0
1555,874.2,124480.0
1556,874.2,124560.0
1557,874.3,124640.0
1558,874.3,124720.0
1559,874.3,124800.0
1560,874.4,124880.0
1561,874.5,124960.0
1562,874.5,125040.0
1563,874.6,125120.0
1564,874.8,125200.0
1565,875.0,125280.0
1566,875.3,125360.0
1567,875.3,125440.0
1568,875.5,125520.0
1569,875.5,125600.0
1570,875.7,125680.0
1571,875.9,125760.0
1572,876.0,125840.0
1573,876.1,125920.0
1574,876.1,126000.0
1575,876.1,126080.0
1576,876.3,126160.0
1577,876.5,126240.0
1578,876.6,126320.0
1579,876.6,126400.0
1580,876.7,126480.0
1581,877.0,126560.0
1582,877.2,126640.0
1583,877.3,126720.0
1584,877.4,126800.0
1585,877.5,126880.0
1586,877.5,126960.0
1587,877.6,127040.0
1588,877.6,127120.0
1589,877.7,127200.0
1590,877.7,127280.0
1591,877.8,127360.0
1592,878.0,127440.0
1593,878.1,127520.0
1594,878.3,127600.0
1595,878.3,127680.0
1596,878.3,127760.0
1597,878.5,127840.0
1598,878.5,127920.0
1599,878.7,128000.0
1600,878.7,128080.0
1601,878.8,128160.0
1602,879.0,128240.0
1603,879.0,128320.0
1604,879.5,128400.0
1605,879.7,128480.0
1606,879.8,128560.0
1607,880.1,128640.0
1608,880.2,128720.0
1609,880.3,128800.0
1610,880.4,128880.0
1611,880.6,128960.0
1612,880.6,129040.0
1613,880.8,129120.0
1614,881.1,129200.0
1615,881.1,129280.0
1616,881.2,129360.0
1617,881.2,129440.0
1618,881.4,129520.0
1619,881.4,129600.0
1620,881.4,129680.0
1621,881.5,129760.0
1622,881.6,129840.0
1623,881.6,129920.0
1624,881.8,130000.0
1625,882.0,130080.0
1626,882.0,130160.0
1627,882.3,130240.0
1628,882.5,130320.0
1629,882.7,130400.0
1630,882.7,130480.0
1631,882.8,130560.0
1632,882.8,130640.0
1633,883.0,130720.0
1634,883.0,130800.0
1635,883.1,130880.0
1636,883.3,130960.0
1637,883.4,131040.0
1638,883.5,131120.0
1639,883.6,131200.0
1640,883.8,131280.0
1641,883.9,131360.0
1642,884.1,131440.0
1643,884.3,131520.0
1644,884.4,131600.0
1645,884.5,131680.0
1646,884.6,131760.0
1647,884.9,131840.0
1648,884.9,131920.0
1649,884.9,132000.0
1650,884.9,132080.0
1651,884.9,132160.0
1652,885.1,132240.0
1653,885.2,132320.0
1654,885.4,132400.0
1655,885.6,132480.0
1656,885.7,132560.0
1657,885.9,132640.0
1658,886.1,132720.0
1659,886.1,132800.0
1660,886.4,132880.0
1661,886.6,132960.0
1662,886.6,133040.0
1663,886.7,133120.0
1664,887.1,133200.0
1665,887.2,133280.0
1666,887.2,133360.0
1667,887.3,133440.0
1668,887.4,133520.0
1669,887.4,133600.0
1670,887.4,133680.0
1671,887.6,133760.0
1672,887.6,133840.0
1673,887.6,133920.0
1674,887.8,134000.0
1675,887.8,134080.0
1676,887.9,134160.0
1677,888.1,134240.0
1678,888.2,134320.0
1679,888.3,134400.0
1680,888.3,134480.0
1681,888.3,134560.0
1682,888.3,134640.0
1683,888.5,134720.0
1684,888.5,134800.0
1685,888.6,134880.0
1686,888.6,134960.0
1687,888.9,135040.0
1688,888.9,135120.0
1689,888.9,135200.0
1690,889.0,135280.0
1691,889.0,135360.0
1692,889.1,135440.0
1693,889.2,135520.0
1694,889.3,135600.0
1695,889.3,135680.0
1696,889.5,135760.0
1697,889.8,135840.0
1698,890.0,135920.0
1699,890.0,136000.0
1700,890.0,136080.0
1701,890.2,136160.0
1702,890.2,136240.0
1703,890.4,136320.0
1704,890.5,136400.0
1705,890.5,136480.0
1706,890.5,136560.0
1707,890.5,136640.0
1708,890.5,136720.0
1709,890.7,136800.0
1710,890.8,136880.0
1711,890.8,136960.0
1712,890.9,137040.0
1713,890.9,137120.0
1714,891.0,137200.0
1715,891.0,137280.0
1716,891.2,137360.0
1717,891.3,137440.0
1718,891.3,137520.0
1719,891.8,137600.0
1720,892.0,137680.0
1721,892.1,137760.0
1722,892.4,137840.0
1723,892.5,137920.0
1724,892.6,138000.0
1725,892.6,138080.0
1726,892.6,138160.0
1727,892.7,138240.0
1728,892.8,138320.0
1729,892.9,138400.0
1730,892.9,138480.0
1731,893.1,138560.0
1732,893.2,138640.0
1733,893.3,138720.0
1734,893.3,138800.0
1735,893.4,138880.0
1736,893.7,138960.0
1737,893.7,139040.0
1738,893.7,139120.0
1739,893.8,139200.0
1740,893.9,139280.0
1741,894.0,139360.0
1742,894.2,139440.0
1743,894.3,139520.0
1744,894.3,139600.0
1745,894.5,139680.0
1746,894.7,139760.0
1747,894.8,139840.0
1748,894.9,139920.0
1749,895.0,140000.0
1750,895.0,140080.0
1751,895.2,140160.0
1752,895.2,140240.0
1753,895.3,140320.0
1754,895.4,140400.0
1755,895.5,140480.0
1756,895.6,140560.0
1757,895.8,140640.0
1758,895.8,140720.0
1759,896.0,140800.0
1760,896.3,140880.0
1761,896.3,140960.0
1762,896.3,141040.0
1763,896.5,141120.0
1764,896.7,141200.0
1765,896.8,141280.0
1766,896.9,141360.0
1767,896.9,141440.0
1768,896.9,141520.0
1769,896.9,141600.0
1770,896.9,141680.0
1771,897.0,141760.0
1772,897.0,141840.0
1773,897.0,141920.0
1774,897.2,142000.0
1775,897.5,142080.0
1776,897.6,142160.0
1777,897.7,142240.0
1778,897.7,142320.0
1779,897.7,142400.0
1780,897.8,142480.0
1781,897.8,142560.0
1782,897.8,142640.0
1783,897.8,142720.0
1784,897.8,142800.0
1785,898.0,142880.0
1786,898.2,142960.0
1787,898.2,143040.0
1788,898.2,143120.0
1789,898.3,143200.0
1790,898.3,143280.0
1791,898.4,143360.0
1792,898.5,143440.0
1793,898.5,143520.0
1794,898.5,143600.0
1795,898.5,143680.0
1796,898.6,143760.0
1797,898.6,143840.0
1798,898.8,143920.0
1799,898.8,144000.0
1800,898.8,144080.0
1801,898.9,144160.0
1802,899.0,144240.0
1803,899.2,144320.0
1804,899.5,144400.0
1805,899.7,144480.0
1806,899.8,144560.0
1807,900.1,144640.0
1808,900.2,144720.0
1809,900.3,144800.0
1810,900.5,144880.0
1811,900.6,144960.0
1812,900.7,145040.0
1813,900.9,145120.0
1814,901.0,145200.0
1815,901.1,145280.0
1816,901.1,145360.0
1817,901.1,145440.0
1818,901.2,145520.0
1819,901.3,145600.0
1820,901.3,145680.0
1821,901.3,145760.0
1822,901.5,145840.0
1823,901.6,145920.0
1824,901.7,146000.0
1825,901.8,146080.0
1826,901.9,146160.0
1827,902.0,146240.0
1828,902.0,146320.0
1829,902.0,146400.0
1830,902.0,146480.0
1831,902.0,146560.0
1832,902.1,146640.0
1833,902.1,146720.0
1834,902.3,146800.0
1835,902.3,146880.0
1836,902.3,146960.0
1837,902.3,147040.0
1838,902.3,147120.0
1839,902.6,147200.0
1840,902.7,147280.0
1841,902.7,147360.0
1842,902.9,147440.0
1843,902.9,147520.0
1844,903.0,147600.0
1845,903.3,147680.0
1846,903.5,147760.0
1847,903.6,147840.0
1848,903.7,147920.0
1849,903.7,148000.0
1850,903.9,148080.0
1851,904.1,148160.0
1852,904.3,148240.0
1853,904.3,148320.0
1854,904.4,148400.0
1855,904.5,148480.0
1856,904.6,148560.0
1857,904.7,148640.0
1858,904.7,148720.0
1859,904.8,148800.0
1860,904.9,148880.0
1861,905.2,148960.0
1862,905.2,149040.0
1863,905.2,149120.0
1864,905.2,149200.0
1865,905.4,149280.0
1866,905.6,149360.0
1867,905.6,149440.0
1868,905.8,149520.0
1869,905.8,149600.0
1870,905.8,149680.0
1871,905.8,149760.0
1872,906.0,149840.0
1873,906.2,149920.0
1874,906.2,150000.0
1875,906.2,150080.0
1876,906.4,150160.0
1877,906.4,150240.0
1878,906.6,150320.0
1879,906.6,150400.0
1880,906.6,150480.0
1881,906.9,150560.0
1882,906.9,150640.0
1883,907.0,150720.0
1884,907.0,150800.0
1885,907.1,150880.0
1886,907.1,150960.0
1887,907.1,151040.0
1888,907.2,151120.0
1889,907.3,151200.0
1890,907.4,151280.0
1891,907.6,151360.0
1892,907.7,151440.0
1893,907.8,151520.0
1894,907.8,151600.0
1895,908.0,151680.0
1896,908.0,151760.0
1897,908.2,151840.0
1898,908.2,151920.0
1899,908.2,152000.0
1900,908.4,152080.0
1901,908.4,152160.0
1902,908.5,152240.0
1903,908.5,152320.0
1904,908.5,152400.0
1905,908.7,152480.0
1906,908.7,152560.0
1907,908.8,152640.0
1908,908.8,152720.0
1909,909.2,152800.0
1910,909.2,152880.0
1911,909.4,152960.0
1912,909.5,153040.0
1913,909.5,153120.0
1914,909.5,153200.0
1915,909.9,153280.0
1916,910.0,153360.0
1917,910.1,153440.0
1918,910.1,153520.0
1919,910.1,153600.0
1920,910.1,153680.0
1921,910.3,153760.0
1922,910.5,153840.0
1923,910.6,153920.0
1924,910.8,154000.0
1925,910.8,154080.0
1926,910.8,154160.0
1927,910.8,154240.0
1928,910.8,154320.0
1929,910.8,154400.0
1930,911.0,154480.0
1931,911.4,154560.0
1932,911.4,154640.0
1933,911.4,154720.0
1934,911.6,154800.0
1935,911.7,154880.0
1936,911.8,154960.0
1937,911.8,155040.0
1938,911.9,155120.0
1939,912.1,155200.0
1940,912.1,155280.0
1941,912.2,155360.0
1942,912.2,155440.0
1943,912.2,155520.0
1944,912.2,155600.0
1945,912.2,155680.0
1946,912.2,155760.0
1947,912.4,155840.0
1948,912.4,155920.0
1949,912.5,156000.0
1950,912.5,156080.0
1951,912.6,156160.0
1952,912.6,156240.0
1953,912.6,156320.0
1954,912.8,156400.0
1955,912.8,156480.0
1956,912.9,156560.0
1957,912.9,156640.0
1958,913.0,156720.0
1959,913.1,156800.0
1960,913.1,156880.0
1961,913.2,156960.0
1962,913.2,157040.0
1963,913.2,157120.0
1964,913.2,157200.0
1965,913.3,157280.0
1966,913.3,157360.0
1967,913.5,157440.0
1968,913.7,157520.0
1969,913.7,157600.0
1970,913.8,157680.0
1971,913.9,157760.0
1972,914.0,157840.0
1973,914.1,157920.0
1974,914.1,158000.0
1975,914.3,158080.0
1976,914.4,158160.0
1977,914.5,158240.0
1978,914.5,158320.0
1979,914.5,158400.0
1980,914.5,158480.0
1981,914.6,158560.0
1982,914.7,158640.0
1983,914.8,158720.0
1984,914.8,158800.0
1985,915.0,158880.0
1986,915.1,158960.0
1987,915.1,159040.0
1988,915.3,159120.0
1989,915.3,159200.0
1990,915.3,159280.0
1991,915.3,159360.0
1992,915.3,159440.0
1993,915.3,159520.0
1994,915.3,159600.0
1995,915.3,159680.0
1996,915.4,159760.0
1997,915.4,159840.0
1998,915.5,159920.0
1999,915.5,160000.0
2000,915.5,160080.0
2001,915.6,160160.0
2002,915.7,160240.0
2003,915.8,160320.0
2004,915.9,160400.0
2005,915.9,160480.0
2006,916.2,160560.0
2007,916.2,160640.0
2008,916.6,160720.0
2009,916.6,160800.0
2010,916.6,160880.0
2011,916.7,160960.0
2012,916.7,161040.0
2013,916.8,161120.0
2014,917.0,161200.0
2015,917.0,161280.0
2016,917.3,161360.0
2017,917.3,161440.0
2018,917.3,161520.0
2019,917.5,161600.0
2020,917.6,161680.0
2021,917.6,161760.0
2022,917.7,161840.0
2023,917.9,161920.0
2024,918.0,162000.0
2025,918.0,162080.0
2026,918.1,162160.0
2027,918.1,162240.0
2028,918.1,162320.0
2029,918.1,162400.0
2030,918.3,162480.0
2031,918.3,162560.0
2032,918.4,162640.0
2033,918.4,162720.0
2034,918.5,162800.0
2035,918.5,162880.0
2036,918.6,162960.0
2037,918.6,163040.0
2038,918.6,163120.0
2039,918.8,163200.0
2040,918.9,163280.0
2041,918.9,163360.0
2042,918.9,163440.0
2043,918.9,163520.0
2044,919.0,163600.0
2045,919.2,163680.0
2046,919.3,163760.0
2047,919.3,163840.0
2048,919.4,163920.0
2049,919.6,164000.0
2050,919.7,164080.0
2051,919.7,164160.0
2052,919.9,164240.0
2053,920.0,164320.0
2054,920.1,164400.0
2055,920.2,164480.0
2056,920.4,164560.0
2057,920.4,164640.0
2058,920.5,164720.0
2059,920.7,164800.0
2060,920.7,164880.0
2061,920.9,164960.0
2062,921.1,165040.0
2063,921.1,165120.0
2064,921.2,165200.0
2065,921.2,165280.0
2066,921.2,165360.0
2067,921.4,165440.0
2068,921.4,165520.0
2069,921.5,165600.0
2070,921.5,165680.0
2071,921.5,165760.0
2072,921.6,165840.0
2073,921.6,165920.0
2074,921.7,166000.0
2075,921.8,166080.0
2076,921.9,166160.0
2077,921.9,166240.0
2078,921.9,166320.0
2079,921.9,166400.0
2080,921.9,166480.0
2081,921.9,166560.0
2082,921.9,166640.0
2083,922.0,166720.0
2084,922.0,166800.0
2085,922.1,166880.0
2086,922.1,166960.0
2087,922.1,167040.0
2088,922.2,167120.0
2089,922.2,167200.0
2090,922.4,167280.0
2091,922.4,167360.0
2092,922.5,167440.0
2093,922.6,167520.0
2094,922.6,167600.0
2095,922.7,167680.0
2096,922.7,167760.0
2097,922.7,167840.0
2098,923.0,167920.0
2099,923.0,168000.0
2100,923.1,168080.0
2101,923.1,168160.0
2102,923.5,168240.0
2103,923.5,168320.0
2104,923.5,168400.0
2105,923.6,168480.0
2106,923.6,168560.0
2107,923.6,168640.0
2108,923.7,168720.0
2109,923.7,168800.0
2110,923.7,168880.0
2111,923.8,168960.0
2112,923.8,169040.0
2113,923.8,169120.0
2114,924.0,169200.0
2115,924.0,169280.0
2116,924.1,169360.0
2117,924.2,169440.0
2118,924.4,169520.0
2119,924.5,169600.0
2120,924.5,169680.0
2121,924.6,169760.0
2122,924.7,169840.0
2123,924.9,169920.0
2124,924.9,170000.0
2125,925.0,170080.0
2126,925.2,170160.0
2127,925.5,170240.0
2128,925.6,170320.0
2129,925.7,170400.0
2130,925.9,170480.0
2131,925.9,170560.0
2132,926.1,170640.0
2133,926.2,170720.0
2134,926.2,170800.0
2135,926.2,170880.0
2136,926.2,170960.0
2137,926.4,171040.0
2138,926.6,171120.0
2139,926.7,171200.0
2140,926.9,171280.0
2141,927.0,171360.0
2142,927.2,171440.0
2143,927.2,171520.0
2144,927.2,171600.0
2145,927.2,171680.0
2146,927.2,171760.0
2147,927.3,171840.0
2148,927.4,171920.0
2149,927.4,172000.0
2150,927.5,172080.0
2151,927.5,172160.0
2152,927.8,172240.0
2153,927.8,172320.0
2154,928.0,172400.0
2155,928.1,172480.0
2156,928.2,172560.0
2157,928.2,172640.0
2158,928.3,172720.0
2159,928.4,172800.0
2160,928.4,172880.0
2161,928.6,172960.0
2162,928.6,173040.0
2163,928.6,173120.0
2164,928.6,173200.0
2165,928.8,173280.0
2166,928.8,173360.0
2167,928.8,173440.0
2168,928.9,173520.0
2169,929.0,173600.0
2170,929.1,173680.0
2171,929.1,173760.0
2172,929.1,173840.0
2173,929.1,173920.0
2174,929.1,174000.0
2175,929.1,174080.0
2176,929.2,174160.0
2177,929.2,174240.0
2178,929.3,174320.0
2179,929.5,174400.0
2180,929.6,174480.0
2181,929.7,174560.0
2182,929.8,174640.0
2183,929.9,174720.0
2184,929.9,174800.0
2185,929.9,174880.0
2186,929.9,174960.0
2187,930.1,175040.0
2188,930.1,175120.0
2189,930.1,175200.0
2190,930.2,175280.0
2191,930.3,175360.0
2192,930.4,175440.0
2193,930.4,175520.0
2194,930.4,175600.0
2195,930.5,175680.0
2196,930.6,175760.0
2197,930.6,175840.0
2198,930.7,175920.0
2199,930.8,176000.0
2200,930.9,176080.0
2201,930.9,176160.0
2202,931.0,176240.0
2203,931.1,176320.0
2204,931.2,176400.0
2205,931.4,176480.0
2206,931.5,176560.0
2207,931.6,176640.0
2208,931.6,176720.0
2209,931.8,176800.0
2210,931.9,176880.0
2211,932.1,176960.0
2212,932.2,177040.0
2213,932.3,177120.0
2214,932.5,177200.0
2215,932.6,177280.0
2216,932.6,177360.0
2217,932.6,177440.0
2218,932.6,177520.0
2219,932.6,177600.0
2220,932.6,177680.0
2221,932.7,177760.0
2222,932.7,177840.0
2223,932.7,177920.0
2224,932.8,178000.0
2225,932.8,178080.0
2226,932.8,178160.0
2227,933.0,178240.0
2228,933.0,178320.0
2229,933.2,178400.0
2230,933.2,178480.0
2231,933.2,178560.0
2232,933.2,178640.0
2233,933.3,178720.0
2234,933.3,178800.0
2235,933.6,178880.0
2236,933.7,178960.0
2237,933.8,179040.0
2238,933.9,179120.0
2239,933.9,179200.0
2240,933.9,179280.0
2241,933.9,179360.0
2242,933.9,179440.0
2243,933.9,179520.0
2244,933.9,179600.0
2245,934.1,179680.0
2246,934.1,179760.0
2247,934.2,179840.0
2248,934.2,179920.0
2249,934.2,180000.0
2250,934.3,180080.0
2251,934.3,180160.0
2252,934.3,180240.0
2253,934.3,180320.0
2254,934.3,180400.0
2255,934.4,180480.0
2256,934.5,180560.0
2257,934.5,180640.0
2258,934.5,180720.0
2259,934.5,180800.0
2260,934.5,180880.0
2261,934.6,180960.0
2262,934.6,181040.0
2263,934.7,181120.0
2264,934.9,181200.0
2265,934.9,181280.0
2266,935.0,181360.0
2267,935.1,181440.0
2268,935.2,181520.0
2269,935.4,181600.0
2270,935.4,181680.0
2271,935.4,181760.0
2272,935.5,181840.0
2273,935.6,181920.0
2274,935.7,182000.0
2275,935.7,182080.0
2276,935.8,182160.0
2277,935.8,182240.0
2278,935.9,182320.0
2279,936.0,182400.0
2280,936.0,182480.0
2281,936.0,182560.0
2282,936.0,182640.0
2283,936.2,182720.0
2284,936.3,182800.0
2285,936.4,182880.0
2286,936.5,182960.0
2287,936.6,183040.0
2288,936.6,183120.0
2289,936.6,183200.0
2290,936.7,183280.0
2291,936.7,183360.0
2292,936.7,183440.0
2293,936.7,183520.0
2294,936.7,183600.0
2295,936.8,183680.0
2296,936.9,183760.0
2297,936.9,183840.0
2298,937.1,183920.0
2299,937.3,184000.0
2300,937.3,184080.0
2301,937.3,184160.0
2302,937.3,184240.0
2303,937.3,184320.0
2304,937.4,184400.0
2305,937.4,184480.0
2306,937.4,184560.0
2307,937.4,184640.0
2308,937.4,184720.0
2309,937.5,184800.0
2310,937.7,184880.0
2311,937.7,184960.0
2312,937.7,185040.0
2313,937.9,185120.0
2314,937.9,185200.0
2315,937.9,185280.0
2316,938.1,185360.0
2317,938.2,185440.0
2318,938.3,185520.0
2319,938.3,185600.0
2320,938.4,185680.0
2321,938.4,185760.0
2322,938.5,185840.0
2323,938.6,185920.0
2324,938.8,186000.0
2325,938.8,186080.0
2326,939.0,186160.0
2327,939.1,186240.0
2328,939.1,186320.0
2329,939.4,186400.0
2330,939.4,186480.0
2331,939.4,186560.0
2332,939.4,186640.0
2333,939.4,186720.0
2334,939.4,186800.0
2335,939.4,186880.0
2336,939.5,186960.0
2337,939.5,187040.0
2338,939.6,187120.0
2339,939.6,187200.0
2340,939.8,187280.0
2341,939.8,187360.0
2342,939.8,187440.0
2343,939.8,187520.0
2344,939.8,187600.0
2345,939.8,187680.0
2346,939.8,187760.0
2347,939.9,187840.0
2348,940.0,187920.0
2349,940.2,188000.0
2350,940.4,188080.0
2351,940.6,188160.0
2352,940.6,188240.0
2353,940.6,188320.0
2354,940.6,188400.0
2355,940.7,188480.0
2356,940.7,188560.0
2357,940.9,188640.0
2358,941.0,188720.0
2359,941.0,188800.0
2360,941.0,188880.0
2361,941.0,188960.0
2362,941.1,189040.0
2363,941.1,189120.0
2364,941.1,189200.0
2365,941.2,189280.0
2366,941.4,189360.0
2367,941.5,189440.0
2368,941.6,189520.0
2369,941.6,189600.0
2370,941.6,189680.0
2371,941.6,189760.0
2372,941.7,189840.0
2373,941.7,189920.0
2374,941.7,190000.0
2375,941.7,190080.0
2376,941.7,190160.0
2377,941.7,190240.0
2378,941.7,190320.0
2379,941.8,190400.0
2380,941.9,190480.0
2381,941.9,190560.0
2382,941.9,190640.0
2383,941.9,190720.0
2384,942.0,190800.0
2385,942.1,190880.0
2386,942.2,190960.0
2387,942.3,191040.0
2388,942.5,191120.0
2389,942.5,191200.0
2390,942.5,191280.0
2391,942.5,191360.0
2392,942.7,191440.0
2393,942.7,191520.0
2394,942.7,191600.0
2395,942.7,191680.0
2396,942.8,191760.0
2397,943.1,191840.0
2398,943.1,191920.0
2399,943.1,192000.0
2400,943.1,192080.0
2401,943.2,192160.0
2402,943.2,192240.0
2403,943.4,192320.0
2404,943.4,192400.0
2405,943.4,192480.0
2406,943.4,192560.0
2407,943.4,192640.0
2408,943.5,192720.0
2409,943.5,192800.0
2410,943.9,192880.0
2411,944.0,192960.0
2412,944.1,193040.0
2413,944.2,193120.0
2414,944.3,193200.0
2415,944.4,193280.0
2416,944.4,193360.0
2417,944.5,193440.0
2418,944.5,193520.0
2419,944.6,193600.0
2420,944.7,193680.0
2421,944.8,193760.0
2422,944.9,193840.0
2423,944.9,193920.0
2424,944.9,194000.0
2425,944.9,194080.0
2426,945.1,194160.0
2427,945.1,194240.0
2428,945.1,194320.0
2429,945.1,194400.0
2430,945.2,194480.0
2431,945.3,194560.0
2432,945.4,194640.0
2433,945.4,194720.0
2434,945.6,194800.0
2435,945.7,194880.0
2436,945.7,194960.0
2437,945.7,195040.0
2438,945.9,195120.0
2439,946.0,195200.0
2440,946.2,195280.0
2441,946.3,195360.0
2442,946.4,195440.0
2443,946.4,195520.0
2444,946.4,195600.0
2445,946.4,195680.0
2446,946.4,195760.0
2447,946.5,195840.0
2448,946.7,195920.0
2449,946.9,196000.0
2450,947.0,196080.0
2451,947.0,196160.0
2452,947.0,196240.0
2453,947.0,196320.0
2454,947.1,196400.0
2455,947.2,196480.0
2456,947.2,196560.0
2457,947.2,196640.0
2458,947.3,196720.0
2459,947.4,196800.0
2460,947.4,196880.0
2461,947.4,196960.0
2462,947.5,197040.0
2463,947.5,197120.0
2464,947.5,197200.0
2465,947.6,197280.0
2466,947.8,197360.0
2467,947.9,197440.0
2468,948.1,197520.0
2469,948.1,197600.0
2470,948.2,197680.0
2471,948.2,197760.0
2472,948.2,197840.0
2473,948.2,197920.0
2474,948.3,198000.0
2475,948.4,198080.0
2476,948.5,198160.0
2477,948.5,198240.0
2478,948.5,198320.0
2479,948.5,198400.0
2480,948.6,198480.0
2481,948.6,198560.0
2482,948.6,198640.0
2483,948.6,198720.0
2484,948.6,198800.0
2485,948.6,198880.0
2486,948.7,198960.0
2487,949.0,199040.0
2488,949.1,199120.0
2489,949.1,199200.0
2490,949.1,199280.0
2491,949.2,199360.0
2492,949.3,199440.0
2493,949.4,199520.0
2494,949.4,199600.0
2495,949.4,199680.0
2496,949.4,199760.0
2497,949.4,199840.0
2498,949.4,199920.0
2499,949.4,200000.0
2500,949.5,200080.0
2501,949.7,200160.0
2502,949.7,200240.0
2503,949.8,200320.0
2504,949.8,200400.0
2505,949.8,200480.0
2506,949.8,200560.0
2507,949.8,200640.0
2508,949.8,200720.0
2509,950.0,200800.0
2510,950.0,200880.0
2511,950.0,200960.0
2512,950.0,201040.0
2513,950.0,201120.0
2514,950.2,201200.0
2515,950.2,201280.0
2516,950.3,201360.0
2517,950.4,201440.0
2518,950.6,201520.0
2519,950.7,201600.0
2520,950.7,201680.0
2521,950.9,201760.0
2522,950.9,201840.0
2523,950.9,201920.0
2524,951.0,202000.0
2525,951.0,202080.0
2526,951.0,202160.0
2527,951.0,202240.0
2528,951.0,202320.0
2529,951.0,202400.0
2530,951.1,202480.0
2531,951.1,202560.0
2532,951.3,202640.0
2533,951.3,202720.0
2534,951.3,202800.0
2535,951.3,202880.0
2536,951.4,202960.0
2537,951.5,203040.0
2538,951.6,203120.0
2539,951.6,203200.0
2540,951.6,203280.0
2541,951.6,203360.0
2542,951.6,203440.0
2543,951.6,203520.0
2544,951.7,203600.0
2545,951.7,203680.0
2546,951.9,203760.0
2547,951.9,203840.0
2548,952.1,203920.0
2549,952.1,204000.0
2550,952.1,204080.0
2551,952.1,204160.0
2552,952.1,204240.0
2553,952.1,204320.0
2554,952.2,204400.0
2555,952.2,204480.0
2556,952.3,204560.0
2557,952.3,204640.0
2558,952.3,204720.0
2559,952.3,204800.0
2560,952.3,204880.0
2561,952.3,204960.0
2562,952.4,205040.0
2563,952.4,205120.0
2564,952.4,205200.0
2565,952.6,205280.0
2566,952.7,205360.0
2567,952.7,205440.0
2568,952.7,205520.0
2569,952.8,205600.0
2570,952.8,205680.0
2571,953.1,205760.0
2572,953.1,205840.0
2573,953.1,205920.0
2574,953.1,206000.0
2575,953.2,206080.0
2576,953.2,206160.0
2577,953.2,206240.0
2578,953.2,206320.0
2579,953.3,206400.0
2580,953.4,206480.0
2581,953.5,206560.0
2582,953.6,206640.0
2583,953.8,206720.0
2584,953.8,206800.0
2585,953.8,206880.0
2586,953.8,206960.0
2587,953.8,207040.0
2588,953.9,207120.0
2589,954.0,207200.0
2590,954.0,207280.0
2591,954.0,207360.0
2592,954.0,207440.0
2593,954.0,207520.0
2594,954.1,207600.0
2595,954.2,207680.0
2596,954.2,207760.0
2597,954.2,207840.0
2598,954.2,207920.0
2599,954.3,208000.0
2600,954.4,208080.0
2601,954.4,208160.0
2602,954.4,208240.0
2603,954.4,208320.0
2604,954.5,208400.0
2605,954.5,208480.0
2606,954.5,208560.0
2607,954.5,208640.0
2608,954.5,208720.0
2609,954.5,208800.0
2610,954.5,208880.0
2611,954.6,208960.0
2612,954.8,209040.0
2613,954.8,209120.0
2614,954.8,209200.0
2615,954.8,209280.0
2616,954.8,209360.0
2617,954.9,209440.0
2618,954.9,209520.0
2619,954.9,209600.0
2620,955.0,209680.0
2621,955.2,209760.0
2622,955.2,209840.0
2623,955.2,209920.0
2624,955.3,210000.0
2625,955.3,210080.0
2626,955.4,210160.0
2627,955.4,210240.0
2628,955.4,210320.0
2629,955.4,210400.0
2630,955.6,210480.0
2631,955.7,210560.0
2632,955.7,210640.0
2633,955.8,210720.0
2634,955.9,210800.0
2635,955.9,210880.0
2636,955.9,210960.0
2637,955.9,211040.0
2638,955.9,211120.0
2639,956.0,211200.0
2640,956.2,211280.0
2641,956.2,211360.0
2642,956.3,211440.0
2643,956.5,211520.0
2644,956.5,211600.0
2645,956.6,211680.0
2646,956.6,211760.0
2647,956.7,211840.0
2648,956.8,211920.0
2649,956.9,212000.0
2650,957.0,212080.0
2651,957.1,212160.0
2652,957.1,212240.0
2653,957.1,212320.0
2654,957.1,212400.0
2655,957.1,212480.0
2656,957.2,212560.0
2657,957.2,212640.0
2658,957.2,212720.0
2659,957.2,212800.0
2660,957.3,212880.0
2661,957.3,212960.0
2662,957.3,213040.0
2663,957.3,213120.0
2664,957.3,213200.0
2665,957.3,213280.0
2666,957.4,213360.0
2667,957.4,213440.0
2668,957.4,213520.0
2669,957.4,213600.0
2670,957.5,213680.0
2671,957.6,213760.0
2672,957.6,213840.0
2673,957.7,213920.0
2674,957.7,214000.0
2675,957.8,214080.0
2676,957.8,214160.0
2677,957.9,214240.0
2678,958.0,214320.0
2679,958.0,214400.0
2680,958.0,214480.0
2681,958.0,214560.0
2682,958.0,214640.0
2683,958.1,214720.0
2684,958.1,214800.0
2685,958.1,214880.0
2686,958.1,214960.0
2687,958.1,215040.0
2688,958.2,215120.0
2689,958.2,215200.0
2690,958.2,215280.0
2691,958.2,215360.0
2692,958.2,215440.0
2693,958.3,215520.0
2694,958.5,215600.0
2695,958.6,215680.0
2696,958.7,215760.0
2697,958.8,215840.0
2698,958.9,215920.0
2699,958.9,216000.0
2700,959.0,216080.0
2701,959.0,216160.0
2702,959.0,216240.0
2703,959.1,216320.0
2704,959.1,216400.0
2705,959.2,216480.0
2706,959.3,216560.0
2707,959.3,216640.0
2708,959.3,216720.0
2709,959.4,216800.0
2710,959.5,216880.0
2711,959.5,216960.0
2712,959.6,217040.0
2713,959.7,217120.0
2714,959.7,217200.0
2715,959.8,217280.0
2716,959.9,217360.0
2717,959.9,217440.0
2718,959.9,217520.0
2719,959.9,217600.0
2720,959.9,217680.0
2721,959.9,217760.0
2722,959.9,217840.0
2723,960.0,217920.0
2724,960.0,218000.0
2725,960.0,218080.0
2726,960.0,218160.0
2727,960.0,218240.0
2728,960.1,218320.0
2729,960.1,218400.0
2730,960.2,218480.0
2731,960.2,218560.0
2732,960.3,218640.0
2733,960.3,218720.0
2734,960.4,218800.0
2735,960.4,218880.0
2736,960.4,218960.0
2737,960.5,219040.0
2738,960.5,219120.0
2739,960.5,219200.0
2740,960.5,219280.0
2741,960.5,219360.0
2742,960.5,219440.0
2743,960.6,219520.0
2744,960.6,219600.0
2745,960.6,219680.0
2746,960.7,219760.0
2747,960.7,219840.0
2748,960.7,219920.0
2749,960.7,220000.0
2750,960.7,220080.0
2751,960.7,220160.0
2752,960.8,220240.0
2753,961.0,220320.0
2754,961.0,220400.0
2755,961.0,220480.0
2756,961.0,220560.0
2757,961.0,220640.0
2758,961.0,220720.0
2759,961.2,220800.0
2760,961.3,220880.0
2761,961.3,220960.0
2762,961.3,221040.0
2763,961.5,221120.0
2764,961.5,221200.0
2765,961.5,221280.0
2766,961.6,221360.0
2767,961.6,221440.0
2768,961.6,221520.0
2769,961.6,221600.0
2770,961.6,221680.0
2771,961.6,221760.0
2772,961.6,221840.0
2773,961.6,221920.0
2774,961.6,222000.0
2775,961.6,222080.0
2776,961.7,222160.0
2777,961.8,222240.0
2778,961.8,222320.0
2779,961.8,222400.0
2780,961.8,222480.0
2781,961.9,222560.0
2782,961.9,222640.0
2783,962.0,222720.0
2784,962.0,222800.0
2785,962.0,222880.0
2786,962.0,222960.0
2787,962.1,223040.0
2788,962.2,223120.0
2789,962.3,223200.0
2790,962.3,223280.0
2791,962.3,223360.0
2792,962.4,223440.0
2793,962.4,223520.0
2794,962.5,223600.0
2795,962.6,223680.0
2796,962.6,223760.0
2797,962.7,223840.0
2798,962.8,223920.0
2799,962.8,224000.0
2800,962.8,224080.0
2801,962.8,224160.0
2802,962.8,224240.0
2803,962.9,224320.0
2804,962.9,224400.0
2805,963.0,224480.0
2806,963.0,224560.0
2807,963.0,224640.0
2808,963.0,224720.0
2809,963.0,224800.0
2810,963.1,224880.0
2811,963.1,224960.0
2812,963.1,225040.0
2813,963.1,225120.0
2814,963.1,225200.0
2815,963.1,225280.0
2816,963.1,225360.0
2817,963.1,225440.0
2818,963.1,225520.0
2819,963.1,225600.0
2820,963.2,225680.0
2821,963.3,225760.0
2822,963.3,225840.0
2823,963.5,225920.0
2824,963.5,226000.0
2825,963.6,226080.0
2826,963.6,226160.0
2827,963.7,226240.0
2828,963.7,226320.0
2829,963.7,226400.0
2830,963.9,226480.0
2831,963.9,226560.0
2832,963.9,226640.0
2833,963.9,226720.0
2834,964.0,226800.0
2835,964.1,226880.0
2836,964.2,226960.0
2837,964.3,227040.0
2838,964.3,227120.0
2839,964.4,227200.0
2840,964.5,227280.0
2841,964.6,227360.0
2842,964.6,227440.0
2843,964.6,227520.0
2844,964.6,227600.0
2845,964.6,227680.0
2846,964.6,227760.0
2847,964.6,227840.0
2848,964.7,227920.0
2849,964.8,228000.0
2850,964.9,228080.0
2851,965.0,228160.0
2852,965.0,228240.0
2853,965.0,228320.0
2854,965.0,228400.0
2855,965.1,228480.0
2856,965.1,228560.0
2857,965.1,228640.0
2858,965.1,228720.0
2859,965.1,228800.0
2860,965.1,228880.0
2861,965.1,228960.0
2862,965.1,229040.0
2863,965.1,229120.0
2864,965.1,229200.0
2865,965.1,229280.0
2866,965.2,229360.0
2867,965.2,229440.0
2868,965.2,229520.0
2869,965.2,229600.0
2870,965.2,229680.0
2871,965.2,229760.0
2872,965.2,229840.0
2873,965.2,229920.0
2874,965.3,230000.0
2875,965.4,230080.0
2876,965.5,230160.0
2877,965.5,230240.0
2878,965.6,230320.0
2879,965.7,230400.0
2880,965.7,230480.0
2881,965.7,230560.0
2882,965.7,230640.0
2883,965.7,230720.0
2884,965.7,230800.0
2885,965.8,230880.0
2886,965.9,230960.0
2887,965.9,231040.0
2888,966.0,231120.0
2889,966.2,231200.0
2890,966.2,231280.0
2891,966.2,231360.0
2892,966.2,231440.0
2893,966.2,231520.0
2894,966.2,231600.0
2895,966.2,231680.0
2896,966.2,231760.0
2897,966.3,231840.0
2898,966.3,231920.0
2899,966.3,232000.0
2900,966.4,232080.0
2901,966.6,232160.0
2902,966.8,232240.0
2903,966.8,232320.0
2904,966.9,232400.0
2905,966.9,232480.0
2906,967.0,232560.0
2907,967.0,232640.0
2908,967.0,232720.0
2909,967.0,232800.0
2910,967.0,232880.0
2911,967.0,232960.0
2912,967.1,233040.0
2913,967.3,233120.0
2914,967.3,233200.0
2915,967.3,233280.0
2916,967.3,233360.0
2917,967.5,233440.0
2918,967.6,233520.0
2919,967.6,233600.0
2920,967.6,233680.0
2921,967.6,233760.0
2922,967.6,233840.0
2923,967.6,233920.0
2924,967.7,234000.0
2925,967.7,234080.0
2926,967.7,234160.0
2927,967.7,234240.0
2928,967.7,234320.0
2929,967.7,234400.0
2930,967.7,234480.0
2931,967.7,234560.0
2932,967.7,234640.0
2933,967.7,234720.0
2934,967.8,234800.0
2935,967.8,234880.0
2936,967.8,234960.0
2937,967.8,235040.0
2938,967.8,235120.0
2939,967.9,235200.0
2940,967.9,235280.0
2941,968.0,235360.0
2942,968.0,235440.0
2943,968.0,235520.0
2944,968.0,235600.0
2945,968.2,235680.0
2946,968.3,235760.0
2947,968.4,235840.0
2948,968.4,235920.0
2949,968.4,236000.0
2950,968.4,236080.0
2951,968.4,236160.0
2952,968.5,236240.0
2953,968.5,236320.0
2954,968.6,236400.0
2955,968.6,236480.0
2956,968.7,236560.0
2957,968.7,236640.0
2958,968.7,236720.0
2959,968.8,236800.0
2960,968.8,236880.0
2961,968.8,236960.0
2962,968.8,237040.0
2963,968.8,237120.0
2964,968.8,237200.0
2965,968.8,237280.0
2966,968.8,237360.0
2967,968.9,237440.0
2968,969.0,237520.0
2969,969.0,237600.0
2970,969.0,237680.0
2971,969.0,237760.0
2972,969.0,237840.0
2973,969.0,237920.0
2974,969.0,238000.0
2975,969.0,238080.0
2976,969.0,238160.0
2977,969.0,238240.0
2978,969.1,238320.0
2979,969.2,238400.0
2980,969.2,238480.0
2981,969.2,238560.0
2982,969.3,238640.0
2983,969.4,238720.0
2984,969.4,238800.0
2985,969.4,238880.0
2986,969.4,238960.0
2987,969.5,239040.0
2988,969.5,239120.0
2989,969.7,239200.0
2990,969.7,239280.0
2991,969.7,239360.0
2992,969.7,239440.0
2993,969.8,239520.0
2994,969.8,239600.0
2995,969.8,239680.0
2996,969.9,239760.0
2997,969.9,239840.0
2998,969.9,239920.0
2999,969.9,240000.0
3000,969.9,240080.0
3001,969.9,240160.0
3002,970.0,240240.0
3003,970.0,240320.0
3004,970.1,240400.0
3005,970.2,240480.0
3006,970.2,240560.0
3007,970.2,240640.0
3008,970.3,240720.0
3009,970.4,240800.0
3010,970.4,240880.0
3011,970.5,240960.0
3012,970.5,241040.0
3013,970.8,241120.0
3014,970.8,241200.0
3015,970.9,241280.0
3016,970.9,241360.0
3017,970.9,241440.0
3018,970.9,241520.0
3019,970.9,241600.0
3020,970.9,241680.0
3021,970.9,241760.0
3022,970.9,241840.0
3023,970.9,241920.0
3024,970.9,242000.0
3025,970.9,242080.0
3026,971.0,242160.0
3027,971.1,242240.0
3028,971.3,242320.0
3029,971.3,242400.0
3030,971.3,242480.0
3031,971.3,242560.0
3032,971.3,242640.0
3033,971.3,242720.0
3034,971.3,242800.0
3035,971.3,242880.0
3036,971.3,242960.0
3037,971.3,243040.0
3038,971.3,243120.0
3039,971.3,243200.0
3040,971.3,243280.0
3041,971.3,243360.0
3042,971.3,243440.0
3043,971.4,243520.0
3044,971.6,243600.0
3045,971.6,243680.0
3046,971.6,243760.0
3047,971.6,243840.0
3048,971.6,243920.0
3049,971.7,244000.0
3050,971.8,244080.0
3051,971.8,244160.0
3052,971.9,244240.0
3053,971.9,244320.0
3054,972.0,244400.0
3055,972.0,244480.0
3056,972.0,244560.0
3057,972.0,244640.0
3058,972.0,244720.0
3059,972.0,244800.0
3060,972.0,244880.0
3061,972.0,244960.0
3062,972.0,245040.0
3063,972.2,245120.0
3064,972.2,245200.0
3065,972.3,245280.0
3066,972.3,245360.0
3067,972.4,245440.0
3068,972.4,245520.0
3069,972.4,245600.0
3070,972.4,245680.0
3071,972.5,245760.0
3072,972.5,245840.0
3073,972.6,245920.0
3074,972.6,246000.0
3075,972.6,246080.0
3076,972.6,246160.0
3077,972.7,246240.0
3078,972.8,246320.0
3079,972.8,246400.0
3080,972.8,246480.0
3081,972.8,246560.0
3082,972.8,246640.0
3083,972.8,246720.0
3084,972.8,246800.0
3085,972.9,246880.0
3086,972.9,246960.0
3087,972.9,247040.0
3088,973.0,247120.0
3089,973.0,247200.0
3090,973.0,247280.0
3091,973.1,247360.0
3092,973.1,247440.0
3093,973.1,247520.0
3094,973.2,247600.0
3095,973.3,247680.0
3096,973.4,247760.0
3097,973.6,247840.0
3098,973.6,247920.0
3099,973.6,248000.0
3100,973.7,248080.0
3101,973.8,248160.0
3102,973.9,248240.0
3103,973.9,248320.0
3104,973.9,248400.0
3105,973.9,248480.0
3106,973.9,248560.0
3107,973.9,248640.0
3108,973.9,248720.0
3109,973.9,248800.0
3110,974.0,248880.0
3111,974.0,248960.0
3112,974.0,249040.0
3113,974.0,249120.0
3114,974.0,249200.0
3115,974.3,249280.0
3116,974.4,249360.0
3117,974.4,249440.0
3118,974.4,249520.0
3119,974.4,249600.0
3120,974.4,249680.0
3121,974.4,249760.0
3122,974.4,249840.0
3123,974.4,249920.0
3124,974.4,250000.0
3125,974.4,250080.0
3126,974.4,250160.0
3127,974.5,250240.0
3128,974.5,250320.0
3129,974.5,250400.0
3130,974.5,250480.0
3131,974.5,250560.0
3132,974.5,250640.0
3133,974.5,250720.0
3134,974.5,250800.0
3135,974.5,250880.0
3136,974.6,250960.0
3137,974.6,251040.0
3138,974.7,251120.0
3139,974.7,251200.0
3140,974.7,251280.0
3141,974.7,251360.0
3142,974.7,251440.0
3143,974.7,251520.0
3144,974.7,251600.0
3145,974.7,251680.0
3146,974.8,251760.0
3147,974.8,251840.0
3148,974.8,251920.0
3149,974.8,252000.0
3150,975.0,252080.0
3151,975.0,252160.0
3152,975.0,252240.0
3153,975.1,252320.0
3154,975.1,252400.0
3155,975.1,252480.0
3156,975.1,252560.0
3157,975.1,252640.0
3158,975.1,252720.0
3159,975.1,252800.0
3160,975.1,252880.0
3161,975.1,252960.0
3162,975.1,253040.0
3163,975.2,253120.0
3164,975.2,253200.0
3165,975.2,253280.0
3166,975.2,253360.0
3167,975.2,253440.0
3168,975.2,253520.0
3169,975.3,253600.0
3170,975.3,253680.0
3171,975.3,253760.0
3172,975.5,253840.0
3173,975.5,253920.0
3174,975.6,254000.0
3175,975.6,254080.0
3176,975.6,254160.0
3177,975.6,254240.0
3178,975.7,254320.0
3179,975.7,254400.0
3180,975.7,254480.0
3181,975.7,254560.0
3182,975.7,254640.0
3183,975.7,254720.0
3184,975.7,254800.0
3185,975.7,254880.0
3186,975.7,254960.0
3187,975.7,255040.0
3188,975.7,255120.0
3189,975.8,255200.0
3190,975.8,255280.0
3191,975.8,255360.0
3192,975.8,255440.0
3193,975.8,255520.0
3194,975.8,255600.0
3195,975.8,255680.0
3196,975.8,255760.0
3197,975.9,255840.0
3198,975.9,255920.0
3199,975.9,256000.0
3200,975.9,256080.0
3201,976.0,256160.0
3202,976.0,256240.0
3203,976.0,256320.0
3204,976.0,256400.0
3205,976.0,256480.0
3206,976.0,256560.0
3207,976.2,256640.0
3208,976.5,256720.0
3209,976.5,256800.0
3210,976.5,256880.0
3211,976.5,256960.0
3212,976.5,257040.0
3213,976.7,257120.0
3214,976.7,257200.0
3215,976.7,257280.0
3216,976.7,257360.0
3217,976.7,257440.0
3218,976.7,257520.0
3219,976.7,257600.0
3220,976.8,257680.0
3221,976.8,257760.0
3222,976.8,257840.0
3223,976.8,257920.0
3224,976.8,258000.0
3225,976.9,258080.0
3226,977.0,258160.0
3227,977.0,258240.0
3228,977.0,258320.0
3229,977.0,258400.0
3230,977.0,258480.0
3231,977.1,258560.0
3232,977.1,258640.0
3233,977.1,258720.0
3234,977.1,258800.0
3235,977.1,258880.0
3236,977.2,258960.0
3237,977.3,259040.0
3238,977.3,259120.0
3239,977.3,259200.0
3240,977.3,259280.0
3241,977.3,259360.0
3242,977.3,259440.0
3243,977.3,259520.0
3244,977.3,259600.0
3245,977.3,259680.0
3246,977.3,259760.0
3247,977.3,259840.0
3248,977.3,259920.0
3249,977.3,260000.0
3250,977.4,260080.0
3251,977.4,260160.0
3252,977.4,260240.0
3253,977.4,260320.0
3254,977.5,260400.0
3255,977.5,260480.0
3256,977.5,260560.0
3257,977.6,260640.0
3258,977.7,260720.0
3259,977.8,260800.0
3260,977.8,260880.0
3261,977.8,260960.0
3262,977.8,261040.0
3263,977.8,261120.0
3264,977.8,261200.0
3265,977.8,261280.0
3266,977.8,261360.0
3267,977.8,261440.0
3268,977.8,261520.0
3269,977.8,261600.0
3270,977.8,261680.0
3271,977.9,261760.0
3272,977.9,261840.0
3273,977.9,261920.0
3274,978.1,262000.0
3275,978.1,262080.0
3276,978.1,262160.0
3277,978.2,262240.0
3278,978.5,262320.0
3279,978.6,262400.0
3280,978.7,262480.0
3281,978.7,262560.0
3282,978.7,262640.0
3283,978.7,262720.0
3284,978.7,262800.0
3285,978.7,262880.0
3286,978.7,262960.0
3287,978.7,263040.0
3288,978.8,263120.0
3289,978.8,263200.0
3290,978.8,263280.0
3291,978.8,263360.0
3292,978.9,263440.0
3293,979.1,263520.0
3294,979.1,263600.0
3295,979.1,263680.0
3296,979.1,263760.0
3297,979.2,263840.0
3298,979.2,263920.0
3299,979.2,264000.0
3300,979.2,264080.0
3301,979.2,264160.0
3302,979.2,264240.0
3303,979.2,264320.0
3304,979.2,264400.0
3305,979.2,264480.0
3306,979.3,264560.0
3307,979.4,264640.0
3308,979.4,264720.0
3309,979.4,264800.0
3310,979.4,264880.0
3311,979.4,264960.0
3312,979.4,265040.0
3313,979.4,265120.0
3314,979.4,265200.0
3315,979.6,265280.0
3316,979.6,265360.0
3317,979.6,265440.0
3318,979.6,265520.0
3319,979.8,265600.0
3320,979.9,265680.0
3321,979.9,265760.0
3322,980.0,265840.0
3323,980.0,265920.0
3324,980.0,266000.0
3325,980.0,266080.0
3326,980.1,266160.0
3327,980.1,266240.0
3328,980.1,266320.0
3329,980.1,266400.0
3330,980.1,266480.0
3331,980.1,266560.0
3332,980.1,266640.0
3333,980.1,266720.0
3334,980.1,266800.0
3335,980.1,266880.0
3336,980.1,266960.0
3337,980.1,267040.0
3338,980.1,267120.0
3339,980.1,267200.0
3340,980.1,267280.0
3341,980.2,267360.0
3342,980.3,267440.0
3343,980.3,267520.0
3344,980.5,267600.0
3345,980.5,267680.0
3346,980.5,267760.0
3347,980.5,267840.0
3348,980.5,267920.0
3349,980.5,268000.0
3350,980.5,268080.0
3351,980.5,268160.0
3352,980.5,268240.0
3353,980.5,268320.0
3354,980.5,268400.0
3355,980.5,268480.0
3356,980.5,268560.0
3357,980.6,268640.0
3358,980.6,268720.0
3359,980.6,268800.0
3360,980.6,268880.0
3361,980.6,268960.0
3362,980.6,269040.0
3363,980.6,269120.0
3364,980.6,269200.0
3365,980.6,269280.0
3366,980.7,269360.0
3367,980.7,269440.0
3368,980.7,269520.0
3369,980.8,269600.0
3370,980.8,269680.0
3371,980.8,269760.0
3372,980.8,269840.0
3373,980.8,269920.0
3374,981.0,270000.0
3375,981.0,270080.0
3376,981.0,270160.0
3377,981.0,270240.0
3378,981.0,270320.0
3379,981.0,270400.0
3380,981.0,270480.0
3381,981.1,270560.0
3382,981.1,270640.0
3383,981.1,270720.0
3384,981.1,270800.0
3385,981.1,270880.0
3386,981.1,270960.0
3387,981.2,271040.0
3388,981.2,271120.0
3389,981.2,271200.0
3390,981.2,271280.0
3391,981.2,271360.0
3392,981.2,271440.0
3393,981.2,271520.0
3394,981.2,271600.0
3395,981.2,271680.0
3396,981.2,271760.0
3397,981.2,271840.0
3398,981.2,271920.0
3399,981.3,272000.0
3400,981.3,272080.0
3401,981.4,272160.0
3402,981.4,272240.0
3403,981.4,272320.0
3404,981.4,272400.0
3405,981.4,272480.0
3406,981.4,272560.0
3407,981.4,272640.0
3408,981.4,272720.0
3409,981.4,272800.0
3410,981.4,272880.0
3411,981.4,272960.0
3412,981.4,273040.0
3413,981.4,273120.0
3414,981.4,273200.0
3415,981.5,273280.0
3416,981.5,273360.0
3417,981.6,273440.0
3418,981.6,273520.0
3419,981.6,273600.0
3420,981.7,273680.0
3421,981.7,273760.0
3422,981.8,273840.0
3423,981.9,273920.0
3424,982.0,274000.0
3425,982.0,274080.0
3426,982.0,274160.0
3427,982.0,274240.0
3428,982.0,274320.0
3429,982.0,274400.0
3430,982.0,274480.0
3431,982.0,274560.0
3432,982.0,274640.0
3433,982.0,274720.0
3434,982.0,274800.0
3435,982.0,274880.0
3436,982.0,274960.0
3437,982.0,275040.0
3438,982.1,275120.0
3439,982.2,275200.0
3440,982.2,275280.0
3441,982.3,275360.0
3442,982.4,275440.0
3443,982.4,275520.0
3444,982.4,275600.0
3445,982.5,275680.0
3446,982.5,275760.0
3447,982.5,275840.0
3448,982.5,275920.0
3449,982.5,276000.0
3450,982.5,276080.0
3451,982.5,276160.0
3452,982.5,276240.0
3453,982.6,276320.0
3454,982.6,276400.0
3455,982.7,276480.0
3456,982.8,276560.0
3457,982.8,276640.0
3458,982.9,276720.0
3459,982.9,276800.0
3460,983.0,276880.0
3461,983.0,276960.0
3462,983.0,277040.0
3463,983.0,277120.0
3464,983.0,277200.0
3465,983.1,277280.0
3466,983.1,277360.0
3467,983.1,277440.0
3468,983.1,277520.0
3469,983.1,277600.0
3470,983.1,277680.0
3471,983.1,277760.0
3472,983.1,277840.0
3473,983.1,277920.0
3474,983.1,278000.0
3475,983.1,278080.0
3476,983.1,278160.0
3477,983.1,278240.0
3478,983.1,278320.0
3479,983.1,278400.0
3480,983.1,278480.0
3481,983.2,278560.0
3482,983.2,278640.0
3483,983.2,278720.0
3484,983.2,278800.0
3485,983.2,278880.0
3486,983.2,278960.0
3487,983.2,279040.0
3488,983.3,279120.0
3489,983.3,279200.0
3490,983.3,279280.0
3491,983.4,279360.0
3492,983.4,279440.0
3493,983.4,279520.0
3494,983.4,279600.0
3495,983.4,279680.0
3496,983.4,279760.0
3497,983.4,279840.0
3498,983.4,279920.0
3499,983.4,280000.0
3500,983.4,280080.0
3501,983.4,280160.0
3502,983.4,280240.0
3503,983.4,280320.0
3504,983.4,280400.0
3505,983.4,280480.0
3506,983.4,280560.0
3507,983.4,280640.0
3508,983.4,280720.0
3509,983.4,280800.0
3510,983.4,280880.0
3511,983.4,280960.0
3512,983.4,281040.0
3513,983.4,281120.0
3514,983.4,281200.0
3515,983.4,281280.0
3516,983.4,281360.0
3517,983.4,281440.0
3518,983.4,281520.0
3519,983.4,281600.0
3520,983.4,281680.0
3521,983.4,281760.0
3522,983.5,281840.0
3523,983.6,281920.0
3524,983.6,282000.0
3525,983.6,282080.0
3526,983.6,282160.0
3527,983.6,282240.0
3528,983.6,282320.0
3529,983.6,282400.0
3530,983.6,282480.0
3531,983.7,282560.0
3532,983.7,282640.0
3533,983.7,282720.0
3534,983.8,282800.0
3535,983.8,282880.0
3536,983.8,282960.0
3537,983.8,283040.0
3538,983.8,283120.0
3539,983.8,283200.0
3540,983.8,283280.0
3541,983.8,283360.0
3542,983.8,283440.0
3543,983.8,283520.0
3544,983.8,283600.0
3545,983.8,283680.0
3546,984.0,283760.0
3547,984.0,283840.0
3548,984.0,283920.0
3549,984.0,284000.0
3550,984.0,284080.0
3551,984.1,284160.0
3552,984.1,284240.0
3553,984.1,284320.0
3554,984.1,284400.0
3555,984.1,284480.0
3556,984.1,284560.0
3557,984.1,284640.0
3558,984.1,284720.0
3559,984.1,284800.0
3560,984.1,284880.0
3561,984.1,284960.0
3562,984.1,285040.0
3563,984.1,285120.0
3564,984.1,285200.0
3565,984.2,285280.0
3566,984.2,285360.0
3567,984.2,285440.0
3568,984.2,285520.0
3569,984.2,285600.0
3570,984.2,285680.0
3571,984.3,285760.0
3572,984.3,285840.0
3573,984.5,285920.0
3574,984.5,286000.0
3575,984.6,286080.0
3576,984.6,286160.0
3577,984.6,286240.0
3578,984.6,286320.0
3579,984.6,286400.0
3580,984.6,286480.0
3581,984.6,286560.0
3582,984.6,286640.0
3583,984.7,286720.0
3584,984.7,286800.0
3585,984.7,286880.0
3586,984.7,286960.0
3587,984.7,287040.0
3588,984.7,287120.0
3589,984.7,287200.0
3590,984.7,287280.0
3591,984.8,287360.0
3592,984.8,287440.0
3593,984.8,287520.0
3594,984.8,287600.0
3595,984.8,287680.0
3596,984.8,287760.0
3597,984.8,287840.0
3598,984.8,287920.0
3599,984.8,288000.0
3600,984.8,288080.0
3601,984.8,288160.0
3602,984.8,288240.0
3603,984.8,288320.0
3604,984.9,288400.0
3605,985.0,288480.0
3606,985.0,288560.0
3607,985.0,288640.0
3608,985.0,288720.0
3609,985.0,288800.0
3610,985.0,288880.0
3611,985.0,288960.0
3612,985.0,289040.0
3613,985.0,289120.0
3614,985.0,289200.0
3615,985.1,289280.0
3616,985.1,289360.0
3617,985.1,289440.0
3618,985.1,289520.0
3619,985.1,289600.0
3620,985.1,289680.0
3621,985.2,289760.0
3622,985.2,289840.0
3623,985.2,289920.0
3624,985.3,290000.0
3625,985.3,290080.0
3626,985.3,290160.0
3627,985.3,290240.0
3628,985.3,290320.0
3629,985.3,290400.0
3630,985.3,290480.0
3631,985.4,290560.0
3632,985.4,290640.0
3633,985.4,290720.0
3634,985.4,290800.0
3635,985.4,290880.0
3636,985.5,290960.0
3637,985.5,291040.0
3638,985.5,291120.0
3639,985.5,291200.0
3640,985.5,291280.0
3641,985.5,291360.0
3642,985.5,291440.0
3643,985.5,291520.0
3644,985.5,291600.0
3645,985.5,291680.0
3646,985.5,291760.0
3647,985.6,291840.0
3648,985.6,291920.0
3649,985.6,292000.0
3650,985.6,292080.0
3651,985.6,292160.0
3652,985.7,292240.0
3653,985.8,292320.0
3654,985.8,292400.0
3655,985.8,292480.0
3656,985.9,292560.0
3657,985.9,292640.0
3658,985.9,292720.0
3659,986.0,292800.0
3660,986.1,292880.0
3661,986.1,292960.0
3662,986.1,293040.0
3663,986.1,293120.0
3664,986.1,293200.0
3665,986.1,293280.0
3666,986.1,293360.0
3667,986.1,293440.0
3668,986.1,293520.0
3669,986.1,293600.0
3670,986.1,293680.0
3671,986.1,293760.0
3672,986.1,293840.0
3673,986.2,293920.0
3674,986.3,294000.0
3675,986.4,294080.0
3676,986.5,294160.0
3677,986.5,294240.0
3678,986.5,294320.0
3679,986.5,294400.0
3680,986.5,294480.0
3681,986.5,294560.0
3682,986.5,294640.0
3683,986.5,294720.0
3684,986.5,294800.0
3685,986.5,294880.0
3686,986.6,294960.0
3687,986.6,295040.0
3688,986.6,295120.0
3689,986.6,295200.0
3690,986.6,295280.0
3691,986.6,295360.0
3692,986.6,295440.0
3693,986.6,295520.0
3694,986.6,295600.0
3695,986.7,295680.0
3696,986.7,295760.0
3697,986.7,295840.0
3698,986.7,295920.0
3699,986.8,296000.0
3700,986.8,296080.0
3701,986.8,296160.0
3702,986.8,296240.0
3703,986.8,296320.0
3704,986.8,296400.0
3705,986.8,296480.0
3706,986.8,296560.0
3707,986.8,296640.0
3708,986.8,296720.0
3709,986.8,296800.0
3710,986.8,296880.0
3711,986.8,296960.0
3712,986.8,297040.0
3713,986.8,297120.0
3714,986.9,297200.0
3715,986.9,297280.0
3716,986.9,297360.0
3717,986.9,297440.0
3718,987.0,297520.0
3719,987.0,297600.0
3720,987.0,297680.0
3721,987.0,297760.0
3722,987.1,297840.0
3723,987.1,297920.0
3724,987.1,298000.0
3725,987.2,298080.0
3726,987.2,298160.0
3727,987.2,298240.0
3728,987.2,298320.0
3729,987.3,298400.0
3730,987.4,298480.0
3731,987.4,298560.0
3732,987.4,298640.0
3733,987.4,298720.0
3734,987.5,298800.0
3735,987.5,298880.0
3736,987.5,298960.0
3737,987.5,299040.0
3738,987.6,299120.0
3739,987.6,299200.0
3740,987.7,299280.0
3741,987.7,299360.0
3742,987.7,299440.0
3743,987.7,299520.0
3744,987.7,299600.0
3745,987.7,299680.0
3746,987.7,299760.0
3747,987.7,299840.0
3748,987.7,299920.0
3749,987.7,300000.0
3750,987.7,300080.0
3751,987.7,300160.0
3752,987.7,300240.0
3753,987.7,300320.0
3754,987.7,300400.0
3755,987.7,300480.0
3756,987.7,300560.0
3757,987.7,300640.0
3758,987.7,300720.0
3759,987.7,300800.0
3760,987.8,300880.0
3761,987.8,300960.0
3762,987.8,301040.0
3763,987.8,301120.0
3764,987.8,301200.0
3765,987.8,301280.0
3766,987.8,301360.0
3767,987.8,301440.0
3768,987.8,301520.0
3769,987.8,301600.0
3770,987.8,301680.0
3771,987.8,301760.0
3772,987.8,301840.0
3773,987.8,301920.0
3774,987.8,302000.0
3775,987.8,302080.0
3776,987.8,302160.0
3777,987.9,302240.0
3778,987.9,302320.0
3779,988.0,302400.0
3780,988.0,302480.0
3781,988.0,302560.0
3782,988.0,302640.0
3783,988.0,302720.0
3784,988.0,302800.0
3785,988.0,302880.0
3786,988.0,302960.0
3787,988.0,303040.0
3788,988.0,303120.0
3789,988.0,303200.0
3790,988.0,303280.0
3791,988.0,303360.0
3792,988.0,303440.0
3793,988.0,303520.0
3794,988.1,303600.0
3795,988.1,303680.0
3796,988.1,303760.0
3797,988.1,303840.0
3798,988.1,303920.0
3799,988.2,304000.0
3800,988.2,304080.0
3801,988.2,304160.0
3802,988.2,304240.0
3803,988.2,304320.0
3804,988.2,304400.0
3805,988.2,304480.0
3806,988.2,304560.0
3807,988.2,304640.0
3808,988.2,304720.0
3809,988.2,304800.0
3810,988.2,304880.0
3811,988.2,304960.0
3812,988.2,305040.0
3813,988.2,305120.0
3814,988.2,305200.0
3815,988.2,305280.0
3816,988.2,305360.0
3817,988.2,305440.0
3818,988.2,305520.0
3819,988.2,305600.0
3820,988.2,305680.0
3821,988.2,305760.0
3822,988.2,305840.0
3823,988.2,305920.0
3824,988.2,306000.0
3825,988.2,306080.0
3826,988.2,306160.0
3827,988.3,306240.0
3828,988.4,306320.0
3829,988.4,306400.0
3830,988.4,306480.0
3831,988.4,306560.0
3832,988.4,306640.0
3833,988.5,306720.0
3834,988.5,306800.0
3835,988.5,306880.0
3836,988.5,306960.0
3837,988.6,307040.0
3838,988.6,307120.0
3839,988.7,307200.0
3840,988.7,307280.0
3841,988.7,307360.0
3842,988.7,307440.0
3843,988.8,307520.0
3844,988.8,307600.0
3845,988.8,307680.0
3846,988.8,307760.0
3847,988.8,307840.0
3848,988.8,307920.0
3849,988.8,308000.0
3850,988.8,308080.0
3851,988.8,308160.0
3852,988.8,308240.0
3853,988.9,308320.0
3854,988.9,308400.0
3855,988.9,308480.0
3856,989.0,308560.0
3857,989.0,308640.0
3858,989.0,308720.0
3859,989.0,308800.0
3860,989.0,308880.0
3861,989.0,308960.0
3862,989.0,309040.0
3863,989.0,309120.0
3864,989.0,309200.0
3865,989.0,309280.0
3866,989.0,309360.0
3867,989.0,309440.0
3868,989.0,309520.0
3869,989.1,309600.0
3870,989.1,309680.0
3871,989.1,309760.0
3872,989.1,309840.0
3873,989.1,309920.0
3874,989.2,310000.0
3875,989.2,310080.0
3876,989.2,310160.0
3877,989.2,310240.0
3878,989.2,310320.0
3879,989.2,310400.0
3880,989.2,310480.0
3881,989.2,310560.0
3882,989.2,310640.0
3883,989.3,310720.0
3884,989.3,310800.0
3885,989.3,310880.0
3886,989.3,310960.0
3887,989.3,311040.0
3888,989.3,311120.0
3889,989.3,311200.0
3890,989.3,311280.0
3891,989.3,311360.0
3892,989.3,311440.0
3893,989.3,311520.0
3894,989.3,311600.0
3895,989.3,311680.0
3896,989.3,311760.0
3897,989.3,311840.0
3898,989.3,311920.0
3899,989.3,312000.0
3900,989.3,312080.0
3901,989.3,312160.0
3902,989.3,312240.0
3903,989.3,312320.0
3904,989.3,312400.0
3905,989.3,312480.0
3906,989.3,312560.0
3907,989.3,312640.0
3908,989.3,312720.0
3909,989.3,312800.0
3910,989.3,312880.0
3911,989.3,312960.0
3912,989.4,313040.0
3913,989.4,313120.0
3914,989.5,313200.0
3915,989.5,313280.0
3916,989.5,313360.0
3917,989.5,313440.0
3918,989.5,313520.0
3919,989.5,313600.0
3920,989.5,313680.0
3921,989.5,313760.0
3922,989.5,313840.0
3923,989.6,313920.0
3924,989.6,314000.0
3925,989.6,314080.0
3926,989.7,314160.0
3927,989.7,314240.0
3928,989.7,314320.0
3929,989.7,314400.0
3930,989.7,314480.0
3931,989.7,314560.0
3932,989.7,314640.0
3933,989.8,314720.0
3934,989.8,314800.0
3935,989.8,314880.0
3936,989.8,314960.0
3937,989.8,315040.0
3938,989.8,315120.0
3939,989.8,315200.0
3940,989.8,315280.0
3941,989.8,315360.0
3942,989.8,315440.0
3943,989.8,315520.0
3944,989.8,315600.0
3945,989.8,315680.0
3946,989.8,315760.0
3947,989.8,315840.0
3948,989.8,315920.0
3949,989.8,316000.0
3950,989.9,316080.0
3951,989.9,316160.0
3952,989.9,316240.0
3953,990.0,316320.0
3954,990.0,316400.0
3955,990.0,316480.0
3956,990.0,316560.0
3957,990.1,316640.0
3958,990.1,316720.0
3959,990.2,316800.0
3960,990.2,316880.0
3961,990.2,316960.0
3962,990.2,317040.0
3963,990.2,317120.0
3964,990.2,317200.0
3965,990.2,317280.0
3966,990.2,317360.0
3967,990.3,317440.0
3968,990.3,317520.0
3969,990.4,317600.0
3970,990.4,317680.0
3971,990.4,317760.0
3972,990.5,317840.0
3973,990.5,317920.0
3974,990.5,318000.0
3975,990.5,318080.0
3976,990.6,318160.0
3977,990.6,318240.0
3978,990.6,318320.0
3979,990.6,318400.0
3980,990.6,318480.0
3981,990.6,318560.0
3982,990.6,318640.0
3983,990.6,318720.0
3984,990.6,318800.0
3985,990.6,318880.0
3986,990.6,318960.0
3987,990.6,319040.0
3988,990.6,319120.0
3989,990.6,319200.0
3990,990.6,319280.0
3991,990.6,319360.0
3992,990.6,319440.0
3993,990.6,319520.0
3994,990.6,319600.0
3995,990.6,319680.0
3996,990.6,319760.0
3997,990.7,319840.0
3998,990.7,319920.0
3999,990.7,320000.0
4000,990.7,320080.0
4001,990.7,320160.0
4002,990.8,320240.0
4003,990.8,320320.0
4004,990.8,320400.0
4005,990.8,320480.0
4006,990.8,320560.0
4007,990.8,320640.0
4008,990.8,320720.0
4009,990.9,320800.0
4010,990.9,320880.0
4011,990.9,320960.0
4012,990.9,321040.0
4013,990.9,321120.0
4014,990.9,321200.0
4015,990.9,321280.0
4016,990.9,321360.0
4017,990.9,321440.0
4018,991.0,321520.0
4019,991.1,321600.0
4020,991.1,321680.0
4021,991.1,321760.0
4022,991.2,321840.0
4023,991.2,321920.0
4024,991.2,322000.0
4025,991.2,322080.0
4026,991.2,322160.0
4027,991.2,322240.0
4028,991.2,322320.0
4029,991.2,322400.0
4030,991.2,322480.0
4031,991.3,322560.0
4032,991.3,322640.0
4033,991.3,322720.0
4034,991.3,322800.0
4035,991.3,322880.0
4036,991.3,322960.0
4037,991.3,323040.0
4038,991.4,323120.0
4039,991.4,323200.0
4040,991.4,323280.0
4041,991.5,323360.0
4042,991.5,323440.0
4043,991.5,323520.0
4044,991.5,323600.0
4045,991.5,323680.0
4046,991.5,323760.0
4047,991.5,323840.0
4048,991.5,323920.0
4049,991.5,324000.0
4050,991.5,324080.0
4051,991.5,324160.0
4052,991.5,324240.0
4053,991.5,324320.0
4054,991.5,324400.0
4055,991.5,324480.0
4056,991.5,324560.0
4057,991.5,324640.0
4058,991.5,324720.0
4059,991.5,324800.0
4060,991.5,324880.0
4061,991.6,324960.0
4062,991.6,325040.0
4063,991.6,325120.0
4064,991.6,325200.0
4065,991.6,325280.0
4066,991.7,325360.0
4067,991.7,325440.0
4068,991.7,325520.0
4069,991.7,325600.0
4070,991.7,325680.0
4071,991.7,325760.0
4072,991.7,325840.0
4073,991.7,325920.0
4074,991.7,326000.0
4075,991.7,326080.0
4076,991.7,326160.0
4077,991.7,326240.0
4078,991.7,326320.0
4079,991.7,326400.0
4080,991.7,326480.0
4081,991.7,326560.0
4082,991.7,326640.0
4083,991.7,326720.0
4084,991.7,326800.0
4085,991.7,326880.0
4086,991.7,326960.0
4087,991.8,327040.0
4088,991.8,327120.0
4089,991.8,327200.0
4090,991.8,327280.0
4091,991.8,327360.0
4092,991.8,327440.0
4093,991.8,327520.0
4094,991.8,327600.0
4095,991.8,327680.0
4096,991.8,327760.0
4097,991.8,327840.0
4098,991.8,327920.0
4099,991.8,328000.0
4100,991.8,328080.0
4101,991.8,328160.0
4102,991.8,328240.0
4103,991.8,328320.0
4104,991.8,328400.0
4105,991.8,328480.0
4106,991.8,328560.0
4107,991.8,328640.0
4108,991.8,328720.0
4109,991.9,328800.0
4110,991.9,328880.0
4111,991.9,328960.0
4112,991.9,329040.0
4113,991.9,329120.0
4114,992.0,329200.0
4115,992.0,329280.0
4116,992.0,329360.0
4117,992.0,329440.0
4118,992.0,329520.0
4119,992.1,329600.0
4120,992.1,329680.0
4121,992.1,329760.0
4122,992.1,329840.0
4123,992.1,329920.0
4124,992.1,330000.0
4125,992.1,330080.0
4126,992.1,330160.0
4127,992.2,330240.0
4128,992.2,330320.0
4129,992.4,330400.0
4130,992.4,330480.0
4131,992.4,330560.0
4132,992.4,330640.0
4133,992.4,330720.0
4134,992.5,330800.0
4135,992.5,330880.0
4136,992.5,330960.0
4137,992.5,331040.0
4138,992.5,331120.0
4139,992.5,331200.0
4140,992.5,331280.0
4141,992.5,331360.0
4142,992.5,331440.0
4143,992.5,331520.0
4144,992.5,331600.0
4145,992.5,331680.0
4146,992.5,331760.0
4147,992.5,331840.0
4148,992.5,331920.0
4149,992.5,332000.0
4150,992.5,332080.0
4151,992.5,332160.0
4152,992.5,332240.0
4153,992.5,332320.0
4154,992.5,332400.0
4155,992.6,332480.0
4156,992.6,332560.0
4157,992.6,332640.0
4158,992.6,332720.0
4159,992.6,332800.0
4160,992.6,332880.0
4161,992.6,332960.0
4162,992.7,333040.0
4163,992.7,333120.0
4164,992.7,333200.0
4165,992.7,333280.0
4166,992.7,333360.0
4167,992.8,333440.0
4168,992.8,333520.0
4169,992.8,333600.0
4170,992.8,333680.0
4171,992.9,333760.0
4172,992.9,333840.0
4173,992.9,333920.0
4174,992.9,334000.0
4175,992.9,334080.0
4176,992.9,334160.0
4177,992.9,334240.0
4178,992.9,334320.0
4179,992.9,334400.0
4180,992.9,334480.0
4181,993.0,334560.0
4182,993.0,334640.0
4183,993.0,334720.0
4184,993.0,334800.0
4185,993.0,334880.0
4186,993.0,334960.0
4187,993.0,335040.0
4188,993.0,335120.0
4189,993.0,335200.0
4190,993.0,335280.0
4191,993.0,335360.0
4192,993.1,335440.0
4193,993.1,335520.0
4194,993.1,335600.0
4195,993.1,335680.0
4196,993.1,335760.0
4197,993.1,335840.0
4198,993.1,335920.0
4199,993.1,336000.0
4200,993.2,336080.0
4201,993.2,336160.0
4202,993.2,336240.0
4203,993.2,336320.0
4204,993.2,336400.0
4205,993.2,336480.0
4206,993.2,336560.0
4207,993.2,336640.0
4208,993.2,336720.0
4209,993.2,336800.0
4210,993.2,336880.0
4211,993.2,336960.0
4212,993.3,337040.0
4213,993.3,337120.0
4214,993.3,337200.0
4215,993.3,337280.0
4216,993.4,337360.0
4217,993.4,337440.0
4218,993.4,337520.0
4219,993.4,337600.0
4220,993.4,337680.0
4221,993.4,337760.0
4222,993.4,337840.0
4223,993.4,337920.0
4224,993.4,338000.0
4225,993.4,338080.0
4226,993.4,338160.0
4227,993.4,338240.0
4228,993.4,338320.0
4229,993.4,338400.0
4230,993.4,338480.0
4231,993.4,338560.0
4232,993.4,338640.0
4233,993.4,338720.0
4234,993.5,338800.0
4235,993.6,338880.0
4236,993.6,338960.0
4237,993.6,339040.0
4238,993.6,339120.0
4239,993.6,339200.0
4240,993.6,339280.0
4241,993.6,339360.0
4242,993.6,339440.0
4243,993.6,339520.0
4244,993.6,339600.0
4245,993.6,339680.0
4246,993.6,339760.0
4247,993.6,339840.0
4248,993.6,339920.0
4249,993.7,340000.0
4250,993.7,340080.0
4251,993.7,340160.0
4252,993.7,340240.0
4253,993.7,340320.0
4254,993.7,340400.0
4255,993.7,340480.0
4256,993.7,340560.0
4257,993.7,340640.0
4258,993.7,340720.0
4259,993.7,340800.0
4260,993.7,340880.0
4261,993.7,340960.0
4262,993.7,341040.0
4263,993.7,341120.0
4264,993.7,341200.0
4265,993.7,341280.0
4266,993.7,341360.0
4267,993.7,341440.0
4268,993.7,341520.0
4269,993.7,341600.0
4270,993.7,341680.0
4271,993.7,341760.0
4272,993.7,341840.0
4273,993.7,341920.0
4274,993.7,342000.0
4275,993.7,342080.0
4276,993.7,342160.0
4277,993.7,342240.0
4278,993.7,342320.0
4279,993.8,342400.0
4280,993.8,342480.0
4281,993.8,342560.0
4282,993.9,342640.0
4283,993.9,342720.0
4284,993.9,342800.0
4285,993.9,342880.0
4286,993.9,342960.0
4287,993.9,343040.0
4288,993.9,343120.0
4289,993.9,343200.0
4290,993.9,343280.0
4291,993.9,343360.0
4292,993.9,343440.0
4293,993.9,343520.0
4294,993.9,343600.0
4295,993.9,343680.0
4296,993.9,343760.0
4297,993.9,343840.0
4298,993.9,343920.0
4299,993.9,344000.0
4300,993.9,344080.0
4301,993.9,344160.0
4302,993.9,344240.0
4303,993.9,344320.0
4304,993.9,344400.0
4305,993.9,344480.0
4306,993.9,344560.0
4307,993.9,344640.0
4308,993.9,344720.0
4309,994.0,344800.0
4310,994.0,344880.0
4311,994.0,344960.0
4312,994.0,345040.0
4313,994.0,345120.0
4314,994.0,345200.0
4315,994.1,345280.0
4316,994.1,345360.0
4317,994.1,345440.0
4318,994.1,345520.0
4319,994.1,345600.0
4320,994.1,345680.0
4321,994.1,345760.0
4322,994.1,345840.0
4323,994.1,345920.0
4324,994.1,346000.0
4325,994.1,346080.0
4326,994.1,346160.0
4327,994.2,346240.0
4328,994.2,346320.0
4329,994.2,346400.0
4330,994.3,346480.0
4331,994.3,346560.0
4332,994.3,346640.0
4333,994.3,346720.0
4334,994.3,346800.0
4335,994.3,346880.0
4336,994.3,346960.0
4337,994.3,347040.0
4338,994.3,347120.0
4339,994.3,347200.0
4340,994.3,347280.0
4341,994.3,347360.0
4342,994.3,347440.0
4343,994.3,347520.0
4344,994.3,347600.0
4345,994.3,347680.0
4346,994.4,347760.0
4347,994.4,347840.0
4348,994.4,347920.0
4349,994.4,348000.0
4350,994.4,348080.0
4351,994.4,348160.0
4352,994.4,348240.0
4353,994.4,348320.0
4354,994.4,348400.0
4355,994.4,348480.0
4356,994.4,348560.0
4357,994.4,348640.0
4358,994.4,348720.0
4359,994.4,348800.0
4360,994.4,348880.0
4361,994.5,348960.0
4362,994.6,349040.0
4363,994.6,349120.0
4364,994.7,349200.0
4365,994.7,349280.0
4366,994.7,349360.0
4367,994.7,349440.0
4368,994.7,349520.0
4369,994.7,349600.0
4370,994.7,349680.0
4371,994.7,349760.0
4372,994.7,349840.0
4373,994.7,349920.0
4374,994.7,350000.0
4375,994.7,350080.0
4376,994.7,350160.0
4377,994.8,350240.0
4378,994.8,350320.0
4379,994.8,350400.0
4380,994.8,350480.0
4381,994.8,350560.0
4382,994.8,350640.0
4383,994.8,350720.0
4384,994.8,350800.0
4385,994.8,350880.0
4386,994.9,350960.0
4387,994.9,351040.0
4388,995.0,351120.0
4389,995.0,351200.0
4390,995.0,351280.0
4391,995.0,351360.0
4392,995.0,351440.0
4393,995.0,351520.0
4394,995.0,351600.0
4395,995.0,351680.0
4396,995.0,351760.0
4397,995.0,351840.0
4398,995.0,351920.0
4399,995.0,352000.0
4400,995.0,352080.0
4401,995.0,352160.0
4402,995.0,352240.0
4403,995.0,352320.0
4404,995.1,352400.0
4405,995.1,352480.0
4406,995.1,352560.0
4407,995.2,352640.0
4408,995.2,352720.0
4409,995.2,352800.0
4410,995.2,352880.0
4411,995.2,352960.0
4412,995.2,353040.0
4413,995.2,353120.0
4414,995.2,353200.0
4415,995.2,353280.0
4416,995.2,353360.0
4417,995.2,353440.0
4418,995.2,353520.0
4419,995.2,353600.0
4420,995.2,353680.0
4421,995.2,353760.0
4422,995.3,353840.0
4423,995.3,353920.0
4424,995.3,354000.0
4425,995.3,354080.0
4426,995.3,354160.0
4427,995.3,354240.0
4428,995.3,354320.0
4429,995.3,354400.0
4430,995.3,354480.0
4431,995.3,354560.0
4432,995.3,354640.0
4433,995.3,354720.0
4434,995.3,354800.0
4435,995.3,354880.0
4436,995.3,354960.0
4437,995.3,355040.0
4438,995.3,355120.0
4439,995.3,355200.0
4440,995.3,355280.0
4441,995.3,355360.0
4442,995.3,355440.0
4443,995.4,355520.0
4444,995.4,355600.0
4445,995.4,355680.0
4446,995.4,355760.0
4447,995.4,355840.0
4448,995.4,355920.0
4449,995.5,356000.0
4450,995.5,356080.0
4451,995.5,356160.0
4452,995.5,356240.0
4453,995.5,356320.0
4454,995.5,356400.0
4455,995.5,356480.0
4456,995.5,356560.0
4457,995.5,356640.0
4458,995.6,356720.0
4459,995.6,356800.0
4460,995.6,356880.0
4461,995.6,356960.0
4462,995.7,357040.0
4463,995.7,357120.0
4464,995.7,357200.0
4465,995.7,357280.0
4466,995.7,357360.0
4467,995.7,357440.0
4468,995.7,357520.0
4469,995.8,357600.0
4470,995.8,357680.0
4471,995.8,357760.0
4472,995.8,357840.0
4473,995.8,357920.0
4474,995.8,358000.0
4475,995.8,358080.0
4476,995.8,358160.0
4477,995.8,358240.0
4478,995.8,358320.0
4479,995.9,358400.0
4480,995.9,358480.0
4481,995.9,358560.0
4482,995.9,358640.0
4483,996.0,358720.0
4484,996.0,358800.0
4485,996.0,358880.0
4486,996.0,358960.0
4487,996.0,359040.0
4488,996.0,359120.0
4489,996.0,359200.0
4490,996.0,359280.0
4491,996.0,359360.0
4492,996.0,359440.0
4493,996.0,359520.0
4494,996.0,359600.0
4495,996.0,359680.0
4496,996.0,359760.0
4497,996.1,359840.0
4498,996.1,359920.0
4499,996.1,360000.0
4500,996.1,360080.0
4501,996.1,360160.0
4502,996.1,360240.0
4503,996.1,360320.0
4504,996.1,360400.0
4505,996.1,360480.0
4506,996.1,360560.0
4507,996.1,360640.0
4508,996.1,360720.0
4509,996.1,360800.0
4510,996.1,360880.0
4511,996.1,360960.0
4512,996.1,361040.0
4513,996.1,361120.0
4514,996.1,361200.0
4515,996.1,361280.0
4516,996.1,361360.0
4517,996.1,361440.0
4518,996.1,361520.0
4519,996.1,361600.0
4520,996.1,361680.0
4521,996.1,361760.0
4522,996.1,361840.0
4523,996.1,361920.0
4524,996.1,362000.0
4525,996.1,362080.0
4526,996.1,362160.0
4527,996.1,362240.0
4528,996.1,362320.0
4529,996.1,362400.0
4530,996.1,362480.0
4531,996.1,362560.0
4532,996.1,362640.0
4533,996.1,362720.0
4534,996.1,362800.0
4535,996.1,362880.0
4536,996.1,362960.0
4537,996.1,363040.0
4538,996.1,363120.0
4539,996.1,363200.0
4540,996.1,363280.0
4541,996.1,363360.0
4542,996.1,363440.0
4543,996.1,363520.0
4544,996.1,363600.0
4545,996.1,363680.0
4546,996.1,363760.0
4547,996.1,363840.0
4548,996.1,363920.0
4549,996.1,364000.0
4550,996.1,364080.0
4551,996.1,364160.0
4552,996.1,364240.0
4553,996.1,364320.0
4554,996.1,364400.0
4555,996.1,364480.0
4556,996.1,364560.0
4557,996.1,364640.0
4558,996.1,364720.0
4559,996.1,364800.0
4560,996.1,364880.0
4561,996.1,364960.0
4562,996.1,365040.0
4563,996.1,365120.0
4564,996.1,365200.0
4565,996.1,365280.0
4566,996.1,365360.0
4567,996.1,365440.0
4568,996.1,365520.0
4569,996.1,365600.0
4570,996.1,365680.0
4571,996.1,365760.0
4572,996.1,365840.0
4573,996.1,365920.0
4574,996.1,366000.0
4575,996.1,366080.0
4576,996.1,366160.0
4577,996.2,366240.0
4578,996.2,366320.0
4579,996.2,366400.0
4580,996.2,366480.0
4581,996.2,366560.0
4582,996.2,366640.0
4583,996.2,366720.0
4584,996.2,366800.0
4585,996.2,366880.0
4586,996.2,366960.0
4587,996.2,367040.0
4588,996.2,367120.0
4589,996.2,367200.0
4590,996.2,367280.0
4591,996.2,367360.0
4592,996.2,367440.0
4593,996.2,367520.0
4594,996.2,367600.0
4595,996.2,367680.0
4596,996.2,367760.0
4597,996.2,367840.0
4598,996.2,367920.0
4599,996.2,368000.0
4600,996.2,368080.0
4601,996.2,368160.0
4602,996.2,368240.0
4603,996.2,368320.0
4604,996.2,368400.0
4605,996.2,368480.0
4606,996.2,368560.0
4607,996.2,368640.0
4608,996.3,368720.0
4609,996.3,368800.0
4610,996.3,368880.0
4611,996.3,368960.0
4612,996.3,369040.0
4613,996.3,369120.0
4614,996.3,369200.0
4615,996.3,369280.0
4616,996.3,369360.0
4617,996.3,369440.0
4618,996.3,369520.0
4619,996.3,369600.0
4620,996.3,369680.0
4621,996.3,369760.0
4622,996.3,369840.0
4623,996.3,369920.0
4624,996.3,370000.0
4625,996.3,370080.0
4626,996.4,370160.0
4627,996.4,370240.0
4628,996.4,370320.0
4629,996.4,370400.0
4630,996.4,370480.0
4631,996.4,370560.0
4632,996.5,370640.0
4633,996.6,370720.0
4634,996.7,370800.0
4635,996.7,370880.0
4636,996.7,370960.0
4637,996.7,371040.0
4638,996.7,371120.0
4639,996.7,371200.0
4640,996.8,371280.0
4641,996.8,371360.0
4642,996.8,371440.0
4643,996.8,371520.0
4644,996.8,371600.0
4645,996.8,371680.0
4646,996.8,371760.0
4647,996.8,371840.0
4648,996.8,371920.0
4649,996.8,372000.0
4650,996.8,372080.0
4651,996.8,372160.0
4652,996.8,372240.0
4653,996.8,372320.0
4654,996.8,372400.0
4655,996.8,372480.0
4656,996.8,372560.0
4657,996.8,372640.0
4658,996.8,372720.0
4659,996.8,372800.0
4660,996.9,372880.0
4661,996.9,372960.0
4662,996.9,373040.0
4663,996.9,373120.0
4664,996.9,373200.0
4665,996.9,373280.0
4666,996.9,373360.0
4667,996.9,373440.0
4668,996.9,373520.0
4669,996.9,373600.0
4670,996.9,373680.0
4671,997.0,373760.0
4672,997.0,373840.0
4673,997.0,373920.0
4674,997.0,374000.0
4675,997.0,374080.0
4676,997.0,374160.0
4677,997.0,374240.0
4678,997.0,374320.0
4679,997.0,374400.0
4680,997.0,374480.0
4681,997.0,374560.0
4682,997.0,374640.0
4683,997.0,374720.0
4684,997.0,374800.0
4685,997.0,374880.0
4686,997.0,374960.0
4687,997.0,375040.0
4688,997.0,375120.0
4689,997.0,375200.0
4690,997.0,375280.0
4691,997.0,375360.0
4692,997.0,375440.0
4693,997.0,375520.0
4694,997.0,375600.0
4695,997.0,375680.0
4696,997.1,375760.0
4697,997.1,375840.0
4698,997.1,375920.0
4699,997.1,376000.0
4700,997.2,376080.0
4701,997.2,376160.0
4702,997.2,376240.0
4703,997.2,376320.0
4704,997.2,376400.0
4705,997.2,376480.0
4706,997.2,376560.0
4707,997.2,376640.0
4708,997.2,376720.0
4709,997.2,376800.0
4710,997.2,376880.0
4711,997.2,376960.0
4712,997.2,377040.0
4713,997.2,377120.0
4714,997.2,377200.0
4715,997.3,377280.0
4716,997.3,377360.0
4717,997.3,377440.0
4718,997.3,377520.0
4719,997.3,377600.0
4720,997.3,377680.0
4721,997.3,377760.0
4722,997.3,377840.0
4723,997.3,377920.0
4724,997.3,378000.0
4725,997.3,378080.0
4726,997.3,378160.0
4727,997.3,378240.0
4728,997.3,378320.0
4729,997.3,378400.0
4730,997.3,378480.0
4731,997.3,378560.0
4732,997.3,378640.0
4733,997.3,378720.0
4734,997.3,378800.0
4735,997.3,378880.0
4736,997.3,378960.0
4737,997.3,379040.0
4738,997.3,379120.0
4739,997.3,379200.0
4740,997.3,379280.0
4741,997.3,379360.0
4742,997.3,379440.0
4743,997.3,379520.0
4744,997.3,379600.0
4745,997.3,379680.0
4746,997.3,379760.0
4747,997.3,379840.0
4748,997.3,379920.0
4749,997.3,380000.0
4750,997.3,380080.0
4751,997.4,380160.0
4752,997.4,380240.0
4753,997.4,380320.0
4754,997.4,380400.0
4755,997.4,380480.0
4756,997.4,380560.0
4757,997.4,380640.0
4758,997.4,380720.0
4759,997.4,380800.0
4760,997.4,380880.0
4761,997.4,380960.0
4762,997.4,381040.0
4763,997.4,381120.0
4764,997.4,381200.0
4765,997.4,381280.0
4766,997.4,381360.0
4767,997.4,381440.0
4768,997.4,381520.0
4769,997.4,381600.0
4770,997.4,381680.0
4771,997.4,381760.0
4772,997.4,381840.0
4773,997.4,381920.0
4774,997.4,382000.0
4775,997.4,382080.0
4776,997.4,382160.0
4777,997.4,382240.0
4778,997.4,382320.0
4779,997.4,382400.0
4780,997.4,382480.0
4781,997.4,382560.0
4782,997.4,382640.0
4783,997.4,382720.0
4784,997.4,382800.0
4785,997.4,382880.0
4786,997.4,382960.0
4787,997.4,383040.0
4788,997.5,383120.0
4789,997.5,383200.0
4790,997.5,383280.0
4791,997.6,383360.0
4792,997.6,383440.0
4793,997.6,383520.0
4794,997.6,383600.0
4795,997.6,383680.0
4796,997.6,383760.0
4797,997.6,383840.0
4798,997.6,383920.0
4799,997.6,384000.0
4800,997.6,384080.0
4801,997.6,384160.0
4802,997.6,384240.0
4803,997.6,384320.0
4804,997.6,384400.0
4805,997.6,384480.0
4806,997.6,384560.0
4807,997.6,384640.0
4808,997.6,384720.0
4809,997.6,384800.0
4810,997.6,384880.0
4811,997.6,384960.0
4812,997.6,385040.0
4813,997.6,385120.0
4814,997.6,385200.0
4815,997.6,385280.0
4816,997.6,385360.0
4817,997.6,385440.0
4818,997.6,385520.0
4819,997.6,385600.0
4820,997.6,385680.0
4821,997.6,385760.0
4822,997.6,385840.0
4823,997.6,385920.0
4824,997.6,386000.0
4825,997.6,386080.0
4826,997.6,386160.0
4827,997.6,386240.0
4828,997.6,386320.0
4829,997.6,386400.0
4830,997.6,386480.0
4831,997.6,386560.0
4832,997.6,386640.0
4833,997.6,386720.0
4834,997.6,386800.0
4835,997.6,386880.0
4836,997.6,386960.0
4837,997.6,387040.0
4838,997.6,387120.0
4839,997.6,387200.0
4840,997.6,387280.0
4841,997.6,387360.0
4842,997.6,387440.0
4843,997.6,387520.0
4844,997.6,387600.0
4845,997.6,387680.0
4846,997.6,387760.0
4847,997.6,387840.0
4848,997.6,387920.0
4849,997.6,388000.0
4850,997.6,388080.0
4851,997.6,388160.0
4852,997.6,388240.0
4853,997.6,388320.0
4854,997.6,388400.0
4855,997.6,388480.0
4856,997.6,388560.0
4857,997.6,388640.0
4858,997.6,388720.0
4859,997.6,388800.0
4860,997.6,388880.0
4861,997.6,388960.0
4862,997.6,389040.0
4863,997.6,389120.0
4864,997.6,389200.0
4865,997.6,389280.0
4866,997.7,389360.0
4867,997.7,389440.0
4868,997.7,389520.0
4869,997.8,389600.0
4870,997.8,389680.0
4871,997.8,389760.0
4872,997.8,389840.0
4873,997.8,389920.0
4874,997.8,390000.0
4875,997.8,390080.0
4876,997.8,390160.0
4877,997.8,390240.0
4878,997.8,390320.0
4879,997.8,390400.0
4880,997.8,390480.0
4881,997.8,390560.0
4882,997.8,390640.0
4883,997.8,390720.0
4884,997.8,390800.0
4885,997.8,390880.0
4886,997.8,390960.0
4887,997.8,391040.0
4888,997.8,391120.0
4889,997.8,391200.0
4890,997.8,391280.0
4891,997.8,391360.0
4892,997.8,391440.0
4893,997.8,391520.0
4894,997.8,391600.0
4895,997.8,391680.0
4896,997.8,391760.0
4897,997.8,391840.0
4898,997.8,391920.0
4899,997.8,392000.0
4900,997.8,392080.0
4901,997.8,392160.0
4902,997.8,392240.0
4903,997.8,392320.0
4904,997.8,392400.0
4905,997.8,392480.0
4906,997.8,392560.0
4907,997.8,392640.0
4908,997.8,392720.0
4909,997.8,392800.0
4910,997.8,392880.0
4911,997.8,392960.0
4912,997.8,393040.0
4913,997.8,393120.0
4914,997.8,393200.0
4915,997.8,393280.0
4916,997.8,393360.0
4917,997.8,393440.0
4918,997.8,393520.0
4919,997.8,393600.0
4920,997.8,393680.0
4921,997.8,393760.0
4922,997.8,393840.0
4923,997.8,393920.0
4924,997.8,394000.0
4925,997.8,394080.0
4926,997.8,394160.0
4927,997.8,394240.0
4928,997.8,394320.0
4929,997.8,394400.0
4930,997.8,394480.0
4931,997.9,394560.0
4932,997.9,394640.0
4933,997.9,394720.0
4934,997.9,394800.0
4935,997.9,394880.0
4936,997.9,394960.0
4937,997.9,395040.0
4938,997.9,395120.0
4939,997.9,395200.0
4940,997.9,395280.0
4941,997.9,395360.0
4942,997.9,395440.0
4943,997.9,395520.0
4944,997.9,395600.0
4945,997.9,395680.0
4946,997.9,395760.0
4947,998.0,395840.0
4948,998.0,395920.0
4949,998.0,396000.0
4950,998.0,396080.0
4951,998.0,396160.0
4952,998.0,396240.0
4953,998.0,396320.0
4954,998.0,396400.0
4955,998.0,396480.0
4956,998.0,396560.0
4957,998.0,396640.0
4958,998.0,396720.0
4959,998.0,396800.0
4960,998.0,396880.0
4961,998.0,396960.0
4962,998.0,397040.0
4963,998.0,397120.0
4964,998.0,397200.0
4965,998.1,397280.0
4966,998.1,397360.0
4967,998.1,397440.0
4968,998.1,397520.0
4969,998.1,397600.0
4970,998.1,397680.0
4971,998.1,397760.0
4972,998.1,397840.0
4973,998.1,397920.0
4974,998.1,398000.0
4975,998.1,398080.0
4976,998.1,398160.0
4977,998.1,398240.0
4978,998.1,398320.0
4979,998.1,398400.0
4980,998.1,398480.0
4981,998.1,398560.0
4982,998.1,398640.0
4983,998.1,398720.0
4984,998.1,398800.0
4985,998.1,398880.0
4986,998.1,398960.0
4987,998.1,399040.0
4988,998.1,399120.0
4989,998.1,399200.0
4990,998.1,399280.0
4991,998.1,399360.0
4992,998.1,399440.0
4993,998.1,399520.0
4994,998.1,399600.0
4995,998.1,399680.0
4996,998.1,399760.0
4997,998.1,399840.0
4998,998.1,399920.0
4999,998.1,400000.0
